order_id,customer,product,supplier,region,quantity,available_inventory,unit_price,lead_time_days,supplier_rating,supplier_on_time_rate,order_date,requested_delivery,estimated_delivery,payment_terms,order_value
10000,Evergreen Distribution,Steel Storage Shelving,Southeast Supply Co.,Texas,222,517,356.25,6,5.0,0.93,2026-09-03,2026-09-14,2026-09-19,Net 30,79087.5
10001,Gulf Coast Logistics,USB Docking Stations,Southeast Supply Co.,Georgia,99,557,330.84,10,3.9,0.8,2026-09-25,2026-09-29,2026-10-02,Net 30,32753.16
10002,Evergreen Distribution,USB Docking Stations,BlueLine Distribution,North Carolina,90,459,193.4,4,4.8,0.94,2026-09-30,2026-10-12,2026-10-11,Net 45,17406.0
10003,Atlantic Distribution,Warehouse Scanners,Southeast Supply Co.,Florida,374,416,378.76,9,3.7,0.84,2026-09-30,2026-10-03,2026-10-05,Net 30,141656.24
10004,SunCoast Retail,Warehouse Scanners,Metro Logistics Supply,Texas,171,151,343.16,19,4.7,0.92,2026-09-14,2026-09-18,2026-09-19,Net 60,58680.36
10005,Evergreen Distribution,Warehouse Scanners,Atlantic Warehouse Solutions,Georgia,450,187,349.19,14,3.4,0.75,2026-09-05,2026-09-17,2026-09-22,Net 45,157135.5
10006,Palm Business Solutions,Warehouse Scanners,BlueLine Distribution,North Carolina,282,286,295.15,3,3.2,0.91,2026-09-05,2026-09-15,2026-09-17,Net 45,83232.3
10007,Evergreen Distribution,Industrial Safety Gloves,Southeast Supply Co.,North Carolina,287,341,290.62,17,3.1,0.85,2026-09-10,2026-09-24,2026-09-24,Net 45,83407.94
10008,Evergreen Distribution,Laser Printers,NorthStar Industrial Supply,Georgia,412,53,158.66,19,4.3,0.88,2026-09-09,2026-09-18,2026-09-23,Net 45,65367.92
10009,Gulf Coast Logistics,Pallet Wrap,PrimeSource Materials,Virginia,167,116,35.79,4,4.4,0.86,2026-09-03,2026-09-14,2026-09-13,Net 45,5976.93
10010,SunCoast Retail,Laser Printers,PrimeSource Materials,North Carolina,252,278,205.99,7,4.3,0.84,2026-09-10,2026-09-24,2026-09-22,Net 30,51909.48
10011,Coastal Manufacturing,Pallet Wrap,PrimeSource Materials,Virginia,252,425,151.29,16,4.6,0.92,2026-09-30,2026-10-12,2026-10-14,Net 30,38125.08
10012,Atlantic Distribution,Industrial Safety Gloves,PrimeSource Materials,Virginia,72,284,121.12,15,4.2,0.79,2026-09-10,2026-09-18,2026-09-24,Net 60,8720.64
10013,Palm Business Solutions,Warehouse Scanners,Southeast Supply Co.,Texas,161,383,302.45,4,3.2,0.85,2026-09-20,2026-10-02,2026-09-30,Net 45,48694.45
10014,Metro Office Supply,Shipping Cartons,Southeast Supply Co.,Florida,342,79,304.13,17,4.9,0.89,2026-09-06,2026-09-14,2026-09-15,Net 45,104012.46
10015,Atlantic Distribution,Barcode Label Rolls,NorthStar Industrial Supply,Virginia,214,299,396.8,4,4.0,0.87,2026-09-03,2026-09-11,2026-09-18,Net 45,84915.2
10016,Gulf Coast Logistics,Thermal Printers,Metro Logistics Supply,Georgia,477,212,272.32,18,3.0,0.95,2026-09-14,2026-09-17,2026-09-23,Net 30,129896.64
10017,Southeast Wholesale,Barcode Label Rolls,BlueLine Distribution,Florida,336,409,158.59,7,4.5,0.93,2026-09-20,2026-09-26,2026-09-25,,53286.24
10018,SunCoast Retail,Laser Printers,BlueLine Distribution,Florida,79,341,201.19,8,4.6,0.83,2026-09-25,2026-09-30,2026-10-07,Net 30,15894.01
10019,Southeast Wholesale,Packaging Tape,Atlantic Warehouse Solutions,Georgia,495,562,103.19,12,3.9,0.99,2026-09-02,2026-09-06,2026-09-12,Net 60,51079.05
10020,Coastal Manufacturing,USB Docking Stations,BlueLine Distribution,Virginia,66,320,175.07,3,4.3,0.84,2026-09-24,2026-10-07,2026-10-05,Net 60,11554.62
10021,Metro Office Supply,Pallet Wrap,NorthStar Industrial Supply,Virginia,474,159,83.31,4,3.3,0.79,2026-09-25,2026-10-02,2026-10-05,Net 60,39488.94
10022,SunCoast Retail,Industrial Safety Gloves,BlueLine Distribution,Georgia,499,470,486.62,11,3.3,0.75,2026-09-16,2026-09-21,2026-09-21,Net 30,242823.38
10023,Palm Business Solutions,Industrial Safety Gloves,Atlantic Warehouse Solutions,Florida,155,313,354.77,16,3.4,0.94,2026-09-18,2026-09-21,2026-09-26,Net 60,54989.35
10024,SunCoast Retail,Ergonomic Office Chairs,PrimeSource Materials,Florida,287,557,213.85,20,4.0,0.91,2026-09-10,2026-09-16,2026-09-23,Net 30,61374.95
10025,Coastal Manufacturing,Laser Printers,PrimeSource Materials,Florida,302,342,326.14,18,3.3,0.85,2026-09-04,2026-09-07,2026-09-14,Net 45,98494.28
10026,Coastal Manufacturing,Shipping Cartons,Metro Logistics Supply,Virginia,221,291,397.76,18,3.2,0.95,2026-09-01,2026-09-07,2026-09-12,Net 30,87904.96
10027,Southeast Wholesale,Pallet Wrap,Metro Logistics Supply,North Carolina,467,523,311.48,8,3.7,0.85,2026-09-13,2026-09-17,2026-09-21,Net 60,145461.16
10028,Gulf Coast Logistics,Barcode Label Rolls,Southeast Supply Co.,Georgia,141,157,379.36,18,3.2,0.77,2026-09-25,2026-10-03,2026-10-06,Net 30,53489.76
10029,Evergreen Distribution,Shipping Cartons,BlueLine Distribution,Georgia,462,103,462.46,13,3.6,0.79,2026-09-05,2026-09-13,2026-09-12,Net 30,213656.52
10030,Atlantic Distribution,Office Workstations,BlueLine Distribution,Florida,417,50,305.79,12,3.8,0.83,2026-09-21,2026-10-05,2026-10-08,Net 60,127514.43
10031,Evergreen Distribution,Ergonomic Office Chairs,Southeast Supply Co.,Florida,251,125,137.45,7,4.1,0.85,2026-09-08,2026-09-14,2026-09-12,Net 45,34499.95
10032,Southeast Wholesale,Laser Printers,Atlantic Warehouse Solutions,Florida,55,503,49.68,10,3.2,0.95,2026-09-28,2026-10-10,2026-10-17,,2732.4
10033,Evergreen Distribution,Barcode Label Rolls,Southeast Supply Co.,North Carolina,317,392,395.02,16,4.1,0.87,2026-09-05,2026-09-19,2026-09-25,Net 45,125221.34
10034,Gulf Coast Logistics,Ergonomic Office Chairs,Metro Logistics Supply,North Carolina,132,174,91.39,10,3.8,0.81,2026-09-15,2026-09-22,2026-09-23,Net 45,12063.48
10035,Metro Office Supply,Office Workstations,PrimeSource Materials,Georgia,99,417,166.02,17,4.8,0.87,2026-09-29,2026-10-11,2026-10-12,Net 45,16435.98
10036,Evergreen Distribution,Laser Printers,PrimeSource Materials,North Carolina,109,486,278.04,16,3.6,0.93,2026-09-19,2026-09-22,2026-09-22,Net 45,30306.36
10037,Evergreen Distribution,Thermal Printers,Atlantic Warehouse Solutions,Florida,476,376,70.17,14,3.2,0.97,2026-09-22,2026-10-03,2026-10-02,,33400.92
10038,Evergreen Distribution,Shipping Cartons,PrimeSource Materials,Texas,228,473,402.68,19,3.5,0.89,2026-09-29,2026-10-02,2026-09-30,Net 45,91811.04
10039,SunCoast Retail,Shipping Cartons,NorthStar Industrial Supply,Texas,13,352,246.34,15,4.5,0.94,2026-09-16,2026-09-25,2026-09-27,Net 45,3202.42
10040,Coastal Manufacturing,Steel Storage Shelving,Atlantic Warehouse Solutions,Florida,395,87,66.66,11,3.8,0.94,2026-09-20,2026-09-25,2026-09-29,Net 30,26330.7
10041,Coastal Manufacturing,Office Workstations,Metro Logistics Supply,North Carolina,320,176,197.99,12,3.3,0.79,2026-09-10,2026-09-14,2026-09-21,Net 45,63356.8
10042,Gulf Coast Logistics,Office Workstations,NorthStar Industrial Supply,North Carolina,96,340,469.67,9,4.0,0.84,2026-09-24,2026-10-04,2026-10-11,Net 60,45088.32
10043,Coastal Manufacturing,USB Docking Stations,PrimeSource Materials,Florida,142,513,327.61,5,4.2,0.91,2026-09-04,2026-09-13,2026-09-11,Net 45,46520.62
10044,Evergreen Distribution,Office Workstations,PrimeSource Materials,Georgia,484,285,235.1,3,4.8,0.94,2026-09-10,2026-09-19,2026-09-18,,113788.4
10045,Coastal Manufacturing,Industrial Safety Gloves,Metro Logistics Supply,Georgia,391,505,75.55,14,4.3,0.91,2026-09-30,2026-10-10,2026-10-08,Net 60,29540.05
10046,Atlantic Distribution,USB Docking Stations,BlueLine Distribution,Georgia,232,102,393.96,17,4.8,0.91,2026-09-06,2026-09-19,2026-09-17,Net 30,91398.72
10047,Atlantic Distribution,Steel Storage Shelving,Metro Logistics Supply,North Carolina,490,484,138.31,8,3.1,0.94,2026-09-26,2026-10-10,2026-10-17,Net 60,67771.9
10048,Palm Business Solutions,USB Docking Stations,Metro Logistics Supply,Virginia,228,43,120.85,5,4.0,0.93,2026-09-04,2026-09-13,2026-09-17,Net 60,27553.8
10049,SunCoast Retail,Warehouse Scanners,Metro Logistics Supply,North Carolina,35,131,153.61,4,5.0,0.9,2026-09-22,2026-10-01,2026-09-29,Net 45,5376.35
10050,Atlantic Distribution,Industrial Safety Gloves,BlueLine Distribution,Virginia,234,431,107.24,9,3.4,0.99,2026-09-03,2026-09-13,2026-09-15,Net 60,25094.16
10051,Palm Business Solutions,Barcode Label Rolls,Atlantic Warehouse Solutions,Texas,228,104,474.36,12,4.2,0.92,2026-09-10,2026-09-16,2026-09-20,,108154.08
10052,SunCoast Retail,Steel Storage Shelving,PrimeSource Materials,Texas,348,254,250.23,5,3.3,0.82,2026-09-04,2026-09-08,2026-09-09,Net 45,87080.04
10053,Southeast Wholesale,Ergonomic Office Chairs,PrimeSource Materials,North Carolina,486,258,219.17,18,4.2,0.83,2026-09-07,2026-09-21,2026-09-19,Net 45,106516.62
10054,Gulf Coast Logistics,Warehouse Scanners,NorthStar Industrial Supply,Georgia,56,352,293.74,13,4.3,0.91,2026-09-22,2026-10-02,2026-10-03,Net 60,16449.44
10055,Southeast Wholesale,Pallet Wrap,BlueLine Distribution,Texas,269,383,196.31,20,4.5,0.96,2026-09-16,2026-09-20,2026-09-27,Net 45,52807.39
10056,Southeast Wholesale,Office Workstations,BlueLine Distribution,North Carolina,130,202,422.76,9,3.2,0.77,2026-09-15,2026-09-28,2026-10-04,Net 30,54958.8
10057,Metro Office Supply,Industrial Safety Gloves,Southeast Supply Co.,Georgia,248,120,174.1,4,3.0,0.95,2026-09-23,2026-10-04,2026-10-10,Net 45,43176.8
10058,SunCoast Retail,Office Workstations,BlueLine Distribution,North Carolina,337,89,198.34,12,5.0,0.94,2026-09-29,2026-10-07,2026-10-08,Net 45,66840.58
10059,Palm Business Solutions,Steel Storage Shelving,Metro Logistics Supply,Georgia,463,391,30.1,15,4.1,0.79,2026-09-07,2026-09-18,2026-09-17,Net 60,13936.3
10060,Coastal Manufacturing,Laser Printers,Atlantic Warehouse Solutions,Texas,108,506,495.4,14,3.9,0.84,2026-09-05,2026-09-11,2026-09-09,Net 60,53503.2
10061,Gulf Coast Logistics,Industrial Safety Gloves,PrimeSource Materials,Texas,460,107,110.94,7,3.1,0.81,2026-09-28,2026-10-03,2026-10-03,Net 45,51032.4
10062,Southeast Wholesale,Laser Printers,Metro Logistics Supply,Texas,16,68,140.74,18,4.3,0.91,2026-09-26,2026-10-03,2026-10-07,Net 60,2251.84
10063,Atlantic Distribution,Packaging Tape,Metro Logistics Supply,Georgia,374,332,185.77,19,4.0,0.93,2026-09-26,2026-10-07,2026-10-13,Net 45,69477.98
10064,Coastal Manufacturing,Warehouse Scanners,BlueLine Distribution,Texas,68,513,186.78,13,4.1,0.78,2026-09-15,2026-09-18,2026-09-19,,12701.04
10065,Palm Business Solutions,Packaging Tape,PrimeSource Materials,Florida,14,216,116.01,7,4.9,0.86,2026-09-01,2026-09-09,2026-09-10,Net 45,1624.14
10066,Atlantic Distribution,Thermal Printers,PrimeSource Materials,Georgia,93,427,326.04,15,4.2,0.86,2026-09-30,2026-10-14,2026-10-19,,30321.72
10067,Palm Business Solutions,Thermal Printers,BlueLine Distribution,Virginia,315,473,436.73,4,4.5,0.86,2026-09-04,2026-09-14,2026-09-17,Net 45,137569.95
10068,Coastal Manufacturing,Warehouse Scanners,NorthStar Industrial Supply,Virginia,85,187,373.53,20,3.7,0.78,2026-09-23,2026-09-29,2026-09-27,Net 60,31750.05
10069,Gulf Coast Logistics,Laser Printers,Atlantic Warehouse Solutions,Virginia,431,289,489.51,7,4.6,0.77,2026-09-13,2026-09-18,2026-09-21,Net 60,210978.81
10070,Coastal Manufacturing,Barcode Label Rolls,PrimeSource Materials,Virginia,126,41,202.03,20,3.2,0.91,2026-09-02,2026-09-14,2026-09-19,Net 60,25455.78
10071,Evergreen Distribution,Industrial Safety Gloves,Metro Logistics Supply,North Carolina,202,484,48.26,19,4.2,0.96,2026-09-08,2026-09-16,2026-09-14,Net 45,9748.52
10072,Palm Business Solutions,Barcode Label Rolls,Southeast Supply Co.,Florida,382,252,450.43,13,3.5,0.95,2026-09-21,2026-09-30,2026-10-01,Net 60,172064.26
10073,Metro Office Supply,USB Docking Stations,Metro Logistics Supply,Texas,229,250,155.54,12,3.4,0.77,2026-09-27,2026-10-08,2026-10-09,Net 60,35618.66
10074,Evergreen Distribution,Warehouse Scanners,Southeast Supply Co.,Virginia,322,191,218.77,12,4.1,0.99,2026-09-05,2026-09-18,2026-09-23,Net 45,70443.94
10075,Gulf Coast Logistics,Industrial Safety Gloves,PrimeSource Materials,Virginia,117,308,88.82,4,3.1,0.8,2026-09-11,2026-09-20,2026-09-18,Net 45,10391.94
10076,Palm Business Solutions,Laser Printers,Atlantic Warehouse Solutions,Georgia,230,263,480.62,20,4.1,0.82,2026-09-23,2026-09-30,2026-10-06,Net 30,110542.6
10077,Metro Office Supply,Thermal Printers,Atlantic Warehouse Solutions,Virginia,159,327,377.6,6,4.3,0.82,2026-09-18,2026-10-01,2026-10-01,Net 30,60038.4
10078,SunCoast Retail,Shipping Cartons,PrimeSource Materials,Virginia,10,184,291.71,7,4.6,0.86,2026-09-24,2026-10-07,2026-10-09,,2917.1
10079,Palm Business Solutions,Packaging Tape,BlueLine Distribution,Virginia,339,543,399.11,11,4.1,0.77,2026-09-06,2026-09-14,2026-09-18,,135298.29
10080,Southeast Wholesale,Ergonomic Office Chairs,Atlantic Warehouse Solutions,Texas,78,40,480.89,16,3.1,0.81,2026-09-04,2026-09-13,2026-09-11,Net 45,37509.42
10081,Southeast Wholesale,Barcode Label Rolls,Metro Logistics Supply,Georgia,33,49,78.01,14,3.1,0.92,2026-09-12,2026-09-20,2026-09-20,Net 30,2574.33
10082,Gulf Coast Logistics,Warehouse Scanners,BlueLine Distribution,Texas,84,20,78.23,10,3.0,0.87,2026-09-26,2026-10-02,2026-10-04,Net 30,6571.32
10083,Gulf Coast Logistics,Pallet Wrap,Southeast Supply Co.,North Carolina,238,507,148.67,7,3.5,0.87,2026-09-10,2026-09-23,2026-09-27,Net 30,35383.46
10084,Metro Office Supply,Office Workstations,BlueLine Distribution,Virginia,246,48,243.87,18,3.3,0.76,2026-09-22,2026-09-28,2026-09-27,,59992.02
10085,Atlantic Distribution,Steel Storage Shelving,Atlantic Warehouse Solutions,Florida,410,38,77.55,15,3.5,0.89,2026-09-19,2026-09-24,2026-09-27,Net 60,31795.5
10086,Atlantic Distribution,Warehouse Scanners,BlueLine Distribution,Virginia,271,379,102.3,19,4.7,0.81,2026-09-24,2026-09-29,2026-10-06,Net 45,27723.3
10087,Southeast Wholesale,Laser Printers,Atlantic Warehouse Solutions,Virginia,48,229,411.25,5,4.6,0.89,2026-09-10,2026-09-16,2026-09-16,Net 45,19740.0
10088,Metro Office Supply,Packaging Tape,Metro Logistics Supply,Florida,432,37,189.58,9,3.3,0.92,2026-09-01,2026-09-14,2026-09-19,Net 60,81898.56
10089,Metro Office Supply,Ergonomic Office Chairs,NorthStar Industrial Supply,Virginia,82,364,84.86,16,4.4,0.79,2026-09-05,2026-09-17,2026-09-20,,6958.52
10090,Atlantic Distribution,Barcode Label Rolls,Atlantic Warehouse Solutions,Florida,281,595,302.7,9,4.8,0.96,2026-09-04,2026-09-11,2026-09-14,Net 45,85058.7
10091,Metro Office Supply,Shipping Cartons,Metro Logistics Supply,Florida,229,364,165.01,9,4.7,0.75,2026-09-20,2026-09-23,2026-09-26,Net 30,37787.29
10092,Evergreen Distribution,USB Docking Stations,Atlantic Warehouse Solutions,Georgia,313,374,287.93,12,4.4,0.92,2026-09-12,2026-09-24,2026-09-27,Net 60,90122.09
10093,Coastal Manufacturing,Office Workstations,NorthStar Industrial Supply,Texas,462,318,30.92,3,4.0,0.85,2026-09-24,2026-10-08,2026-10-06,Net 60,14285.04
10094,Gulf Coast Logistics,Packaging Tape,NorthStar Industrial Supply,North Carolina,239,106,481.74,7,3.4,0.96,2026-09-06,2026-09-20,2026-09-27,Net 30,115135.86
10095,Gulf Coast Logistics,Pallet Wrap,Atlantic Warehouse Solutions,North Carolina,325,529,205.05,10,4.5,0.93,2026-09-16,2026-09-25,2026-09-30,Net 45,66641.25
10096,Atlantic Distribution,Warehouse Scanners,Metro Logistics Supply,Virginia,352,522,404.1,12,3.4,0.93,2026-09-03,2026-09-11,2026-09-09,,142243.2
10097,Gulf Coast Logistics,Laser Printers,Metro Logistics Supply,North Carolina,466,534,212.45,14,4.2,0.89,2026-09-10,2026-09-17,2026-09-19,Net 45,99001.7
10098,Coastal Manufacturing,Thermal Printers,Southeast Supply Co.,Texas,43,134,204.17,9,3.3,0.79,2026-09-12,2026-09-18,2026-09-22,Net 30,8779.31
10099,Coastal Manufacturing,Industrial Safety Gloves,Metro Logistics Supply,Georgia,107,77,382.91,13,3.6,0.8,2026-09-27,2026-10-11,2026-10-10,Net 45,40971.37
10100,Gulf Coast Logistics,Industrial Safety Gloves,PrimeSource Materials,Georgia,72,46,253.71,4,4.3,0.87,2026-09-29,2026-10-12,2026-10-11,Net 30,18267.12
10101,Metro Office Supply,Steel Storage Shelving,BlueLine Distribution,North Carolina,157,528,453.28,4,5.0,0.98,2026-09-30,2026-10-10,2026-10-08,Net 30,71164.96
10102,Metro Office Supply,Laser Printers,BlueLine Distribution,Texas,218,76,426.75,16,4.1,0.79,2026-09-19,2026-09-22,2026-09-22,Net 30,93031.5
10103,Evergreen Distribution,Steel Storage Shelving,PrimeSource Materials,Texas,266,446,165.62,18,3.8,0.93,2026-09-12,2026-09-15,2026-09-20,Net 30,44054.92
10104,Coastal Manufacturing,Packaging Tape,PrimeSource Materials,Florida,124,539,72.69,9,4.7,0.79,2026-09-08,2026-09-18,2026-09-20,Net 45,9013.56
10105,SunCoast Retail,Shipping Cartons,Atlantic Warehouse Solutions,North Carolina,75,513,440.42,16,4.1,0.81,2026-09-11,2026-09-17,2026-09-17,Net 30,33031.5
10106,Coastal Manufacturing,Industrial Safety Gloves,NorthStar Industrial Supply,Virginia,11,470,270.89,8,4.1,0.88,2026-09-15,2026-09-27,2026-09-29,Net 30,2979.79
10107,SunCoast Retail,Pallet Wrap,BlueLine Distribution,Virginia,53,299,477.77,5,4.1,0.8,2026-09-05,2026-09-09,2026-09-09,Net 30,25321.81
10108,Atlantic Distribution,Pallet Wrap,NorthStar Industrial Supply,Virginia,10,206,313.86,4,3.8,0.88,2026-09-14,2026-09-24,2026-09-23,,3138.6
10109,Evergreen Distribution,Steel Storage Shelving,Metro Logistics Supply,North Carolina,191,291,97.62,17,3.7,0.76,2026-09-28,2026-10-12,2026-10-13,Net 60,18645.42
10110,Southeast Wholesale,Packaging Tape,NorthStar Industrial Supply,North Carolina,322,480,125.68,6,3.9,0.9,2026-09-28,2026-10-10,2026-10-08,,40468.96
10111,Metro Office Supply,Barcode Label Rolls,Atlantic Warehouse Solutions,Florida,204,285,86.29,10,4.3,0.84,2026-09-05,2026-09-09,2026-09-16,Net 30,17603.16
10112,Palm Business Solutions,Pallet Wrap,Metro Logistics Supply,Texas,158,402,309.86,4,4.9,0.83,2026-09-15,2026-09-24,2026-09-23,Net 45,48957.88
10113,Evergreen Distribution,Laser Printers,Southeast Supply Co.,Florida,494,280,448.93,16,5.0,0.88,2026-09-23,2026-10-05,2026-10-09,Net 30,221771.42
10114,Coastal Manufacturing,Pallet Wrap,Metro Logistics Supply,Georgia,370,448,216.49,19,4.4,0.87,2026-09-17,2026-09-28,2026-10-05,Net 45,80101.3
10115,Palm Business Solutions,Shipping Cartons,PrimeSource Materials,Georgia,351,256,234.02,7,3.2,0.91,2026-09-04,2026-09-08,2026-09-12,Net 45,82141.02
10116,Atlantic Distribution,Barcode Label Rolls,Atlantic Warehouse Solutions,Georgia,404,134,394.62,19,3.5,0.91,2026-09-26,2026-10-01,2026-09-30,Net 30,159426.48
10117,SunCoast Retail,Ergonomic Office Chairs,BlueLine Distribution,Georgia,147,411,457.41,16,4.1,0.92,2026-09-07,2026-09-19,2026-09-26,Net 45,67239.27
10118,Metro Office Supply,Office Workstations,BlueLine Distribution,North Carolina,41,205,488.66,12,4.4,0.76,2026-09-12,2026-09-21,2026-09-23,Net 60,20035.06
10119,Southeast Wholesale,Laser Printers,PrimeSource Materials,Texas,96,562,430.64,8,4.1,0.87,2026-09-10,2026-09-18,2026-09-22,Net 30,41341.44
10120,SunCoast Retail,Ergonomic Office Chairs,PrimeSource Materials,Virginia,477,555,425.58,19,4.5,0.93,2026-09-30,2026-10-05,2026-10-10,Net 45,203001.66
10121,Gulf Coast Logistics,Packaging Tape,Metro Logistics Supply,Georgia,307,393,162.43,8,4.2,0.85,2026-09-08,2026-09-14,2026-09-14,Net 60,49866.01
10122,Evergreen Distribution,Barcode Label Rolls,Southeast Supply Co.,Florida,189,24,184.66,11,4.7,0.78,2026-09-24,2026-10-05,2026-10-10,Net 30,34900.74
10123,Gulf Coast Logistics,Steel Storage Shelving,PrimeSource Materials,Virginia,150,131,98.13,3,4.2,0.97,2026-09-13,2026-09-19,2026-09-26,Net 30,14719.5
10124,SunCoast Retail,Laser Printers,Southeast Supply Co.,North Carolina,132,176,445.3,7,3.2,0.95,2026-09-20,2026-09-29,2026-09-28,Net 45,58779.6
10125,Southeast Wholesale,Thermal Printers,BlueLine Distribution,Texas,154,417,335.03,3,5.0,0.87,2026-09-30,2026-10-04,2026-10-02,Net 60,51594.62
10126,Coastal Manufacturing,Steel Storage Shelving,BlueLine Distribution,Georgia,155,287,226.77,6,4.3,0.83,2026-09-02,2026-09-08,2026-09-13,Net 60,35149.35
10127,Evergreen Distribution,USB Docking Stations,Atlantic Warehouse Solutions,Texas,203,206,380.69,15,4.0,0.96,2026-09-25,2026-10-01,2026-09-30,Net 60,77280.07
10128,Atlantic Distribution,USB Docking Stations,BlueLine Distribution,Florida,160,329,57.07,12,3.0,0.85,2026-09-02,2026-09-15,2026-09-20,Net 30,9131.2
10129,Palm Business Solutions,Pallet Wrap,Metro Logistics Supply,Virginia,177,117,94.76,4,4.6,0.88,2026-09-26,2026-10-04,2026-10-10,Net 30,16772.52
10130,Gulf Coast Logistics,Warehouse Scanners,Southeast Supply Co.,North Carolina,297,169,382.36,6,4.5,0.86,2026-09-16,2026-09-22,2026-09-23,Net 30,113560.92
10131,SunCoast Retail,Packaging Tape,Southeast Supply Co.,North Carolina,481,88,65.84,9,3.4,0.95,2026-09-06,2026-09-09,2026-09-10,,31669.04
10132,SunCoast Retail,USB Docking Stations,Atlantic Warehouse Solutions,North Carolina,97,280,211.64,6,5.0,0.96,2026-09-27,2026-10-05,2026-10-04,Net 30,20529.08
10133,Palm Business Solutions,Warehouse Scanners,Atlantic Warehouse Solutions,Georgia,133,446,294.05,16,4.7,0.92,2026-09-17,2026-09-25,2026-09-23,Net 30,39108.65
10134,Southeast Wholesale,Laser Printers,PrimeSource Materials,Texas,313,170,223.86,7,4.7,0.88,2026-09-23,2026-09-27,2026-09-28,Net 30,70068.18
10135,Southeast Wholesale,Steel Storage Shelving,NorthStar Industrial Supply,Georgia,230,347,346.41,18,3.0,0.8,2026-09-02,2026-09-12,2026-09-18,Net 45,79674.3
10136,SunCoast Retail,Ergonomic Office Chairs,Atlantic Warehouse Solutions,Virginia,56,292,251.14,18,3.1,0.8,2026-09-29,2026-10-07,2026-10-10,Net 30,14063.84
10137,Palm Business Solutions,Barcode Label Rolls,NorthStar Industrial Supply,Georgia,447,77,123.32,4,3.4,0.78,2026-09-13,2026-09-23,2026-09-29,Net 30,55124.04
10138,Metro Office Supply,Pallet Wrap,BlueLine Distribution,Florida,267,227,150.78,19,3.4,0.96,2026-09-19,2026-09-22,2026-09-29,Net 30,40258.26
10139,Atlantic Distribution,Ergonomic Office Chairs,NorthStar Industrial Supply,Florida,235,379,82.94,6,4.5,0.95,2026-09-26,2026-10-07,2026-10-10,,19490.9
10140,Atlantic Distribution,Warehouse Scanners,BlueLine Distribution,Texas,40,207,475.61,4,4.6,0.79,2026-09-18,2026-09-30,2026-10-07,Net 45,19024.4
10141,Gulf Coast Logistics,Thermal Printers,BlueLine Distribution,Virginia,478,240,213.82,17,3.3,0.83,2026-09-18,2026-09-23,2026-09-22,Net 30,102205.96
10142,Evergreen Distribution,Ergonomic Office Chairs,NorthStar Industrial Supply,Texas,292,228,219.12,10,4.3,0.97,2026-09-13,2026-09-25,2026-10-02,Net 45,63983.04
10143,Metro Office Supply,Ergonomic Office Chairs,BlueLine Distribution,Texas,484,349,244.36,8,4.1,0.83,2026-09-20,2026-10-04,2026-10-05,Net 45,118270.24
10144,Atlantic Distribution,Thermal Printers,BlueLine Distribution,Florida,255,439,209.82,18,4.1,0.93,2026-09-07,2026-09-16,2026-09-16,Net 60,53504.1
10145,Coastal Manufacturing,Laser Printers,BlueLine Distribution,Texas,61,407,49.97,14,3.8,0.97,2026-09-29,2026-10-13,2026-10-16,Net 30,3048.17
10146,Atlantic Distribution,Packaging Tape,Atlantic Warehouse Solutions,North Carolina,457,346,37.6,9,4.7,0.87,2026-09-23,2026-09-28,2026-09-30,Net 30,17183.2
10147,Evergreen Distribution,Thermal Printers,Atlantic Warehouse Solutions,Georgia,441,529,202.2,18,3.5,0.79,2026-09-17,2026-09-25,2026-09-30,Net 45,89170.2
10148,Southeast Wholesale,Shipping Cartons,BlueLine Distribution,Virginia,47,578,431.43,18,4.2,0.96,2026-09-06,2026-09-15,2026-09-16,Net 30,20277.21
10149,Evergreen Distribution,Pallet Wrap,Southeast Supply Co.,Texas,129,347,491.52,16,3.8,0.84,2026-09-19,2026-09-23,2026-09-25,Net 30,63406.08
10150,Evergreen Distribution,USB Docking Stations,BlueLine Distribution,Virginia,43,184,169.3,16,3.0,0.87,2026-09-27,2026-10-06,2026-10-08,Net 45,7279.9
10151,SunCoast Retail,Thermal Printers,Southeast Supply Co.,North Carolina,65,238,318.89,5,3.9,0.88,2026-09-02,2026-09-16,2026-09-16,Net 30,20727.85
10152,SunCoast Retail,Thermal Printers,PrimeSource Materials,Georgia,101,76,474.98,6,4.6,0.98,2026-09-13,2026-09-18,2026-09-16,Net 45,47972.98
10153,Evergreen Distribution,Laser Printers,Atlantic Warehouse Solutions,North Carolina,186,268,229.76,9,4.1,0.99,2026-09-02,2026-09-10,2026-09-17,Net 30,42735.36
10154,Palm Business Solutions,Shipping Cartons,Southeast Supply Co.,Georgia,265,543,46.43,8,4.7,0.78,2026-09-29,2026-10-05,2026-10-03,Net 60,12303.95
10155,SunCoast Retail,Laser Printers,Metro Logistics Supply,Texas,43,551,294.54,15,3.9,0.77,2026-09-12,2026-09-17,2026-09-24,Net 30,12665.22
10156,SunCoast Retail,Ergonomic Office Chairs,Southeast Supply Co.,Georgia,106,579,69.79,15,4.4,0.95,2026-09-27,2026-10-01,2026-10-08,Net 60,7397.74
10157,Coastal Manufacturing,Pallet Wrap,Southeast Supply Co.,Florida,462,481,284.2,9,4.8,0.98,2026-09-17,2026-09-25,2026-09-30,Net 45,131300.4
10158,Gulf Coast Logistics,Warehouse Scanners,Atlantic Warehouse Solutions,Georgia,147,229,210.97,5,3.2,0.94,2026-09-03,2026-09-14,2026-09-16,,31012.59
10159,Southeast Wholesale,USB Docking Stations,NorthStar Industrial Supply,Florida,164,111,122.76,8,3.4,0.87,2026-09-30,2026-10-10,2026-10-17,,20132.64
10160,SunCoast Retail,Industrial Safety Gloves,Southeast Supply Co.,Florida,184,109,55.08,5,4.1,0.97,2026-09-06,2026-09-12,2026-09-15,Net 45,10134.72
10161,SunCoast Retail,Ergonomic Office Chairs,Southeast Supply Co.,Virginia,432,378,435.46,14,3.7,0.77,2026-09-29,2026-10-07,2026-10-07,Net 45,188118.72
10162,Coastal Manufacturing,Packaging Tape,Atlantic Warehouse Solutions,Georgia,169,467,281.73,10,3.6,0.91,2026-09-06,2026-09-11,2026-09-15,Net 45,47612.37
10163,SunCoast Retail,Ergonomic Office Chairs,Metro Logistics Supply,North Carolina,452,117,469.92,16,3.2,0.87,2026-09-06,2026-09-15,2026-09-18,Net 45,212403.84
10164,Gulf Coast Logistics,Laser Printers,BlueLine Distribution,Virginia,58,302,252.02,19,3.1,0.89,2026-09-13,2026-09-18,2026-09-18,Net 45,14617.16
10165,Atlantic Distribution,Packaging Tape,Southeast Supply Co.,Virginia,18,292,450.96,8,3.1,0.95,2026-09-15,2026-09-26,2026-09-30,Net 60,8117.28
10166,Gulf Coast Logistics,USB Docking Stations,PrimeSource Materials,North Carolina,104,516,324.76,8,4.3,0.91,2026-09-11,2026-09-25,2026-10-02,Net 45,33775.04
10167,Gulf Coast Logistics,Packaging Tape,Southeast Supply Co.,Virginia,190,313,374.87,11,3.4,0.93,2026-09-14,2026-09-21,2026-09-20,Net 30,71225.3
10168,Palm Business Solutions,Pallet Wrap,NorthStar Industrial Supply,North Carolina,120,538,154.48,13,4.9,0.79,2026-09-04,2026-09-10,2026-09-09,Net 30,18537.6
10169,Southeast Wholesale,Barcode Label Rolls,BlueLine Distribution,Virginia,366,461,361.37,18,3.7,0.86,2026-09-06,2026-09-18,2026-09-17,Net 30,132261.42
10170,Metro Office Supply,Shipping Cartons,PrimeSource Materials,Florida,356,339,359.89,5,4.0,0.94,2026-09-03,2026-09-12,2026-09-17,Net 60,128120.84
10171,Gulf Coast Logistics,Shipping Cartons,PrimeSource Materials,Virginia,145,159,196.39,6,3.9,0.84,2026-09-06,2026-09-17,2026-09-17,Net 60,28476.55
10172,Metro Office Supply,Shipping Cartons,BlueLine Distribution,Georgia,189,95,233.44,15,3.7,0.81,2026-09-10,2026-09-19,2026-09-24,,44120.16
10173,Gulf Coast Logistics,Pallet Wrap,Southeast Supply Co.,North Carolina,21,522,499.44,11,4.8,0.97,2026-09-19,2026-09-28,2026-10-03,Net 45,10488.24
10174,Atlantic Distribution,Ergonomic Office Chairs,Metro Logistics Supply,Florida,294,296,259.8,11,4.1,0.88,2026-09-13,2026-09-23,2026-09-29,Net 30,76381.2
10175,SunCoast Retail,Office Workstations,BlueLine Distribution,North Carolina,43,511,497.54,15,4.8,0.83,2026-09-27,2026-10-01,2026-10-03,Net 30,21394.22
10176,Southeast Wholesale,Ergonomic Office Chairs,Southeast Supply Co.,Virginia,221,219,289.58,14,3.3,0.8,2026-09-09,2026-09-20,2026-09-18,,63997.18
10177,Gulf Coast Logistics,Ergonomic Office Chairs,NorthStar Industrial Supply,Virginia,11,415,116.16,16,4.6,0.81,2026-09-06,2026-09-20,2026-09-27,Net 30,1277.76
10178,Palm Business Solutions,Barcode Label Rolls,Atlantic Warehouse Solutions,Virginia,215,156,156.2,9,3.5,0.85,2026-09-29,2026-10-13,2026-10-15,Net 30,33583.0
10179,Evergreen Distribution,Ergonomic Office Chairs,Southeast Supply Co.,North Carolina,293,239,421.68,18,3.0,0.89,2026-09-07,2026-09-14,2026-09-21,Net 30,123552.24
10180,SunCoast Retail,Shipping Cartons,Atlantic Warehouse Solutions,Texas,367,489,67.29,5,4.5,0.84,2026-09-12,2026-09-17,2026-09-16,Net 30,24695.43
10181,Gulf Coast Logistics,Thermal Printers,PrimeSource Materials,Texas,373,519,330.07,16,5.0,0.85,2026-09-21,2026-10-01,2026-10-03,,123116.11
10182,SunCoast Retail,Industrial Safety Gloves,Atlantic Warehouse Solutions,North Carolina,52,457,71.45,10,3.4,0.79,2026-09-15,2026-09-22,2026-09-24,Net 30,3715.4
10183,Evergreen Distribution,Shipping Cartons,BlueLine Distribution,Virginia,274,485,151.36,13,3.5,0.78,2026-09-09,2026-09-12,2026-09-19,Net 45,41472.64
10184,SunCoast Retail,Laser Printers,PrimeSource Materials,Virginia,319,251,41.68,4,4.3,0.94,2026-09-05,2026-09-09,2026-09-09,,13295.92
10185,Evergreen Distribution,Packaging Tape,BlueLine Distribution,Virginia,45,152,49.0,18,3.6,0.9,2026-09-27,2026-10-06,2026-10-11,Net 30,2205.0
10186,Evergreen Distribution,Steel Storage Shelving,NorthStar Industrial Supply,Virginia,61,442,234.58,4,4.1,0.93,2026-09-27,2026-09-30,2026-10-06,Net 60,14309.38
10187,Metro Office Supply,Packaging Tape,PrimeSource Materials,Florida,493,158,263.87,15,4.2,0.84,2026-09-16,2026-09-28,2026-10-03,,130087.91
10188,SunCoast Retail,Ergonomic Office Chairs,Metro Logistics Supply,North Carolina,151,413,273.47,17,4.6,0.98,2026-09-06,2026-09-09,2026-09-14,,41293.97
10189,Coastal Manufacturing,Steel Storage Shelving,PrimeSource Materials,Georgia,184,390,250.12,4,3.2,0.85,2026-09-30,2026-10-10,2026-10-16,Net 30,46022.08
10190,Evergreen Distribution,Thermal Printers,Southeast Supply Co.,Georgia,308,588,444.68,17,4.5,0.83,2026-09-10,2026-09-15,2026-09-19,Net 45,136961.44
10191,Evergreen Distribution,Laser Printers,Atlantic Warehouse Solutions,Florida,233,147,363.16,8,4.0,0.76,2026-09-17,2026-09-25,2026-09-26,Net 60,84616.28
10192,Atlantic Distribution,Ergonomic Office Chairs,Atlantic Warehouse Solutions,Georgia,214,568,49.17,9,3.5,0.96,2026-09-23,2026-09-28,2026-10-03,Net 60,10522.38
10193,SunCoast Retail,Barcode Label Rolls,Southeast Supply Co.,Texas,210,471,141.71,17,3.1,0.98,2026-09-07,2026-09-15,2026-09-20,Net 45,29759.1
10194,Palm Business Solutions,Pallet Wrap,Atlantic Warehouse Solutions,Texas,60,296,238.53,4,3.4,0.96,2026-09-20,2026-10-03,2026-10-09,Net 30,14311.8
10195,Southeast Wholesale,Laser Printers,NorthStar Industrial Supply,Florida,138,583,453.87,15,3.7,0.79,2026-09-28,2026-10-04,2026-10-04,Net 30,62634.06
10196,Atlantic Distribution,Shipping Cartons,PrimeSource Materials,Florida,40,594,60.18,3,4.7,0.89,2026-09-04,2026-09-08,2026-09-13,Net 45,2407.2
10197,Coastal Manufacturing,Pallet Wrap,BlueLine Distribution,North Carolina,225,322,363.56,10,3.7,0.86,2026-09-14,2026-09-17,2026-09-16,Net 60,81801.0
10198,Metro Office Supply,Ergonomic Office Chairs,PrimeSource Materials,Florida,380,162,424.98,15,4.4,0.96,2026-09-10,2026-09-23,2026-09-21,Net 60,161492.4
10199,Metro Office Supply,Shipping Cartons,Metro Logistics Supply,Georgia,231,419,457.15,5,4.1,0.82,2026-09-09,2026-09-16,2026-09-19,Net 45,105601.65
10200,Southeast Wholesale,Warehouse Scanners,NorthStar Industrial Supply,North Carolina,463,98,354.43,14,4.4,0.77,2026-09-21,2026-10-03,2026-10-05,Net 45,164101.09
10201,Atlantic Distribution,Warehouse Scanners,Atlantic Warehouse Solutions,Georgia,172,275,377.88,16,4.7,0.88,2026-09-08,2026-09-11,2026-09-16,Net 45,64995.36
10202,Gulf Coast Logistics,Thermal Printers,NorthStar Industrial Supply,North Carolina,363,558,258.61,20,4.2,0.93,2026-09-16,2026-09-20,2026-09-18,Net 45,93875.43
10203,Gulf Coast Logistics,Office Workstations,Southeast Supply Co.,Virginia,174,306,247.45,20,3.9,0.79,2026-09-29,2026-10-07,2026-10-07,Net 30,43056.3
10204,Atlantic Distribution,Packaging Tape,Southeast Supply Co.,Texas,189,466,373.4,15,4.1,0.79,2026-09-01,2026-09-05,2026-09-12,Net 30,70572.6
10205,Palm Business Solutions,Pallet Wrap,BlueLine Distribution,Georgia,203,392,220.82,8,3.5,0.97,2026-09-23,2026-10-07,2026-10-10,Net 60,44826.46
10206,Evergreen Distribution,Warehouse Scanners,PrimeSource Materials,Virginia,405,149,161.27,9,3.5,0.89,2026-09-08,2026-09-20,2026-09-27,,65314.35
10207,Southeast Wholesale,Steel Storage Shelving,PrimeSource Materials,North Carolina,363,518,468.14,8,4.1,0.95,2026-09-07,2026-09-12,2026-09-13,Net 45,169934.82
10208,Coastal Manufacturing,Shipping Cartons,PrimeSource Materials,Virginia,460,545,404.26,20,3.6,0.88,2026-09-09,2026-09-12,2026-09-15,Net 45,185959.6
10209,Palm Business Solutions,Thermal Printers,PrimeSource Materials,Texas,342,454,183.44,10,3.3,0.8,2026-09-10,2026-09-19,2026-09-25,Net 45,62736.48
10210,SunCoast Retail,Industrial Safety Gloves,NorthStar Industrial Supply,North Carolina,492,341,35.05,20,3.4,0.91,2026-09-10,2026-09-23,2026-09-23,Net 30,17244.6
10211,Atlantic Distribution,Industrial Safety Gloves,Atlantic Warehouse Solutions,Texas,404,32,428.18,4,4.2,0.86,2026-09-05,2026-09-16,2026-09-18,Net 30,172984.72
10212,Evergreen Distribution,Warehouse Scanners,Southeast Supply Co.,Virginia,71,26,109.84,13,4.1,0.79,2026-09-28,2026-10-11,2026-10-11,Net 45,7798.64
10213,Palm Business Solutions,Steel Storage Shelving,BlueLine Distribution,Texas,480,572,259.68,13,4.0,0.84,2026-09-10,2026-09-21,2026-09-21,Net 30,124646.4
10214,Metro Office Supply,Steel Storage Shelving,PrimeSource Materials,North Carolina,185,30,233.61,12,4.2,0.94,2026-09-20,2026-09-29,2026-10-05,Net 60,43217.85
10215,Atlantic Distribution,Industrial Safety Gloves,Atlantic Warehouse Solutions,Texas,314,369,141.64,6,3.4,0.86,2026-09-02,2026-09-06,2026-09-08,Net 30,44474.96
10216,Evergreen Distribution,Steel Storage Shelving,Southeast Supply Co.,Virginia,223,136,466.55,12,4.8,0.98,2026-09-01,2026-09-10,2026-09-08,Net 60,104040.65
10217,Coastal Manufacturing,Office Workstations,BlueLine Distribution,Virginia,123,583,286.4,17,4.7,0.9,2026-09-03,2026-09-17,2026-09-21,Net 45,35227.2
10218,Southeast Wholesale,Packaging Tape,Southeast Supply Co.,Florida,334,449,60.63,15,4.7,0.86,2026-09-22,2026-10-03,2026-10-06,Net 30,20250.42
10219,Coastal Manufacturing,Laser Printers,NorthStar Industrial Supply,North Carolina,21,234,108.03,9,3.9,0.98,2026-09-07,2026-09-16,2026-09-21,Net 30,2268.63
10220,Evergreen Distribution,Laser Printers,Southeast Supply Co.,Georgia,107,513,139.81,13,4.9,0.81,2026-09-19,2026-09-23,2026-09-27,,14959.67
10221,SunCoast Retail,Thermal Printers,PrimeSource Materials,Florida,338,411,186.37,8,4.0,0.93,2026-09-03,2026-09-07,2026-09-07,Net 30,62993.06
10222,Evergreen Distribution,Industrial Safety Gloves,Metro Logistics Supply,Texas,165,508,237.04,17,4.3,0.78,2026-09-29,2026-10-06,2026-10-12,Net 45,39111.6
10223,SunCoast Retail,Barcode Label Rolls,BlueLine Distribution,Florida,101,418,47.5,12,3.3,0.86,2026-09-09,2026-09-20,2026-09-22,Net 45,4797.5
10224,Metro Office Supply,Barcode Label Rolls,PrimeSource Materials,Florida,345,376,202.52,8,3.2,0.75,2026-09-20,2026-09-28,2026-09-28,Net 45,69869.4
10225,Gulf Coast Logistics,Barcode Label Rolls,Metro Logistics Supply,Virginia,12,239,276.96,6,3.0,0.87,2026-09-18,2026-09-30,2026-10-01,Net 45,3323.52
10226,Atlantic Distribution,Office Workstations,NorthStar Industrial Supply,North Carolina,418,566,35.58,20,4.5,0.82,2026-09-19,2026-10-01,2026-10-06,Net 45,14872.44
10227,Coastal Manufacturing,Barcode Label Rolls,Atlantic Warehouse Solutions,Virginia,371,44,236.35,20,3.3,0.83,2026-09-17,2026-09-21,2026-09-28,Net 30,87685.85
10228,Gulf Coast Logistics,Industrial Safety Gloves,NorthStar Industrial Supply,Virginia,261,207,252.9,5,3.9,0.78,2026-09-30,2026-10-05,2026-10-03,,66006.9
10229,Metro Office Supply,Laser Printers,Metro Logistics Supply,Texas,32,72,226.24,3,4.0,0.98,2026-09-28,2026-10-12,2026-10-12,Net 45,7239.68
10230,Evergreen Distribution,Office Workstations,NorthStar Industrial Supply,Texas,73,182,431.35,18,4.1,0.98,2026-09-12,2026-09-17,2026-09-16,Net 30,31488.55
10231,Atlantic Distribution,Shipping Cartons,PrimeSource Materials,Georgia,285,136,348.02,11,4.3,0.81,2026-09-06,2026-09-15,2026-09-16,Net 30,99185.7
10232,Palm Business Solutions,Barcode Label Rolls,PrimeSource Materials,Texas,330,229,430.0,4,3.4,0.97,2026-09-18,2026-09-26,2026-09-27,Net 30,141900.0
10233,Gulf Coast Logistics,Thermal Printers,Southeast Supply Co.,Florida,476,158,379.88,9,4.6,0.97,2026-09-04,2026-09-09,2026-09-13,Net 60,180822.88
10234,Palm Business Solutions,Pallet Wrap,Metro Logistics Supply,Virginia,249,218,102.36,5,4.1,0.79,2026-09-16,2026-09-24,2026-09-28,Net 30,25487.64
10235,Coastal Manufacturing,Industrial Safety Gloves,Southeast Supply Co.,Georgia,136,42,76.42,16,3.5,0.76,2026-09-08,2026-09-15,2026-09-15,Net 30,10393.12
10236,Gulf Coast Logistics,USB Docking Stations,PrimeSource Materials,Georgia,490,216,180.76,8,3.1,0.8,2026-09-03,2026-09-09,2026-09-14,,88572.4
10237,Coastal Manufacturing,Pallet Wrap,NorthStar Industrial Supply,Texas,401,328,174.43,3,4.5,0.95,2026-09-24,2026-10-02,2026-10-08,Net 45,69946.43
10238,Evergreen Distribution,Steel Storage Shelving,Metro Logistics Supply,Virginia,384,198,466.39,11,5.0,0.93,2026-09-03,2026-09-06,2026-09-04,Net 45,179093.76
10239,Atlantic Distribution,Steel Storage Shelving,Metro Logistics Supply,North Carolina,372,483,311.14,12,3.2,0.82,2026-09-26,2026-10-10,2026-10-12,Net 30,115744.08
10240,Gulf Coast Logistics,Packaging Tape,PrimeSource Materials,Georgia,485,247,226.92,3,3.5,0.96,2026-09-27,2026-10-11,2026-10-13,Net 30,110056.2
10241,Southeast Wholesale,Office Workstations,NorthStar Industrial Supply,Texas,239,169,263.77,3,3.7,0.89,2026-09-05,2026-09-14,2026-09-16,Net 60,63041.03
10242,Metro Office Supply,Laser Printers,Metro Logistics Supply,Virginia,13,475,484.61,13,3.3,0.88,2026-09-26,2026-10-05,2026-10-04,Net 60,6299.93
10243,Southeast Wholesale,Barcode Label Rolls,BlueLine Distribution,Georgia,91,559,79.71,9,4.4,0.76,2026-09-17,2026-09-24,2026-09-27,Net 60,7253.61
10244,Atlantic Distribution,Industrial Safety Gloves,Southeast Supply Co.,Texas,154,169,339.89,9,4.9,0.96,2026-09-04,2026-09-10,2026-09-09,Net 30,52343.06
10245,Southeast Wholesale,Steel Storage Shelving,PrimeSource Materials,North Carolina,250,276,99.24,15,5.0,0.86,2026-09-04,2026-09-10,2026-09-16,Net 45,24810.0
10246,Coastal Manufacturing,Ergonomic Office Chairs,Atlantic Warehouse Solutions,Florida,450,86,466.58,14,3.6,0.84,2026-09-29,2026-10-10,2026-10-12,Net 45,209961.0
10247,SunCoast Retail,Barcode Label Rolls,Southeast Supply Co.,Virginia,430,166,360.0,14,3.1,0.91,2026-09-03,2026-09-07,2026-09-08,Net 45,154800.0
10248,Atlantic Distribution,Warehouse Scanners,Metro Logistics Supply,Virginia,445,454,441.23,11,3.6,0.84,2026-09-05,2026-09-18,2026-09-21,Net 30,196347.35
10249,Atlantic Distribution,USB Docking Stations,PrimeSource Materials,Georgia,276,167,208.31,6,3.5,0.9,2026-09-06,2026-09-12,2026-09-13,Net 30,57493.56
10250,Southeast Wholesale,Office Workstations,Atlantic Warehouse Solutions,North Carolina,18,239,304.07,7,4.0,0.97,2026-09-29,2026-10-12,2026-10-17,Net 30,5473.26
10251,Gulf Coast Logistics,Office Workstations,Atlantic Warehouse Solutions,North Carolina,273,592,242.73,3,4.1,0.78,2026-09-03,2026-09-14,2026-09-19,Net 45,66265.29
10252,Palm Business Solutions,Industrial Safety Gloves,Atlantic Warehouse Solutions,Virginia,303,384,315.91,11,4.7,0.96,2026-09-23,2026-09-26,2026-09-24,Net 45,95720.73
10253,SunCoast Retail,Office Workstations,NorthStar Industrial Supply,Virginia,377,396,224.61,3,3.7,0.92,2026-09-06,2026-09-12,2026-09-12,Net 30,84677.97
10254,Coastal Manufacturing,Warehouse Scanners,Metro Logistics Supply,North Carolina,50,135,163.85,6,4.4,0.9,2026-09-30,2026-10-05,2026-10-06,Net 30,8192.5
10255,Atlantic Distribution,Office Workstations,NorthStar Industrial Supply,North Carolina,312,45,27.31,20,4.9,0.93,2026-09-22,2026-09-27,2026-09-29,Net 45,8520.72
10256,Gulf Coast Logistics,USB Docking Stations,NorthStar Industrial Supply,Georgia,395,322,229.8,8,4.8,0.99,2026-09-18,2026-09-30,2026-09-28,Net 45,90771.0
10257,SunCoast Retail,Industrial Safety Gloves,Metro Logistics Supply,Georgia,82,186,107.91,4,4.0,0.97,2026-09-23,2026-10-06,2026-10-04,Net 30,8848.62
10258,Gulf Coast Logistics,Industrial Safety Gloves,Metro Logistics Supply,Florida,153,172,493.36,8,3.4,0.89,2026-09-07,2026-09-15,2026-09-17,Net 45,75484.08
10259,Gulf Coast Logistics,Steel Storage Shelving,BlueLine Distribution,Virginia,160,100,228.49,4,4.7,0.84,2026-09-21,2026-09-30,2026-10-03,Net 30,36558.4
10260,SunCoast Retail,Barcode Label Rolls,Metro Logistics Supply,Florida,263,442,161.83,3,3.1,0.96,2026-09-22,2026-10-03,2026-10-09,Net 30,42561.29
10261,Atlantic Distribution,Barcode Label Rolls,Atlantic Warehouse Solutions,Florida,276,515,136.48,11,3.9,0.94,2026-09-17,2026-09-30,2026-10-02,Net 45,37668.48
10262,Coastal Manufacturing,USB Docking Stations,PrimeSource Materials,Florida,290,501,49.58,8,4.8,0.91,2026-09-15,2026-09-29,2026-10-03,Net 30,14378.2
10263,Gulf Coast Logistics,Ergonomic Office Chairs,NorthStar Industrial Supply,Georgia,181,322,244.56,10,3.6,0.81,2026-09-10,2026-09-23,2026-09-24,Net 30,44265.36
10264,Evergreen Distribution,Ergonomic Office Chairs,BlueLine Distribution,North Carolina,291,97,354.58,20,3.5,0.79,2026-09-26,2026-10-05,2026-10-03,Net 30,103182.78
10265,Evergreen Distribution,Barcode Label Rolls,BlueLine Distribution,Virginia,142,46,380.33,4,4.2,0.93,2026-09-03,2026-09-16,2026-09-17,Net 30,54006.86
10266,Southeast Wholesale,Barcode Label Rolls,BlueLine Distribution,Virginia,485,169,115.01,12,4.1,0.89,2026-09-04,2026-09-09,2026-09-14,Net 60,55779.85
10267,Coastal Manufacturing,Warehouse Scanners,PrimeSource Materials,Virginia,109,163,289.04,16,3.7,0.97,2026-09-09,2026-09-18,2026-09-22,,31505.36
10268,Gulf Coast Logistics,Warehouse Scanners,BlueLine Distribution,Texas,459,302,75.96,10,4.1,0.77,2026-09-08,2026-09-21,2026-09-28,Net 30,34865.64
10269,SunCoast Retail,Steel Storage Shelving,Metro Logistics Supply,North Carolina,420,76,452.63,19,3.1,0.92,2026-09-22,2026-10-05,2026-10-09,Net 60,190104.6
10270,Evergreen Distribution,Industrial Safety Gloves,Atlantic Warehouse Solutions,North Carolina,440,359,178.17,19,4.9,0.89,2026-09-21,2026-09-26,2026-09-30,Net 45,78394.8
10271,Evergreen Distribution,Office Workstations,PrimeSource Materials,Virginia,254,113,121.14,15,4.0,0.89,2026-09-17,2026-09-20,2026-09-18,Net 45,30769.56
10272,Southeast Wholesale,USB Docking Stations,Metro Logistics Supply,Texas,179,401,367.1,6,4.6,0.9,2026-09-20,2026-10-04,2026-10-07,Net 45,65710.9
10273,Atlantic Distribution,Ergonomic Office Chairs,NorthStar Industrial Supply,Georgia,423,325,439.67,12,3.2,0.89,2026-09-21,2026-09-26,2026-09-26,Net 60,185980.41
10274,Evergreen Distribution,USB Docking Stations,PrimeSource Materials,Texas,480,362,185.83,16,4.7,0.92,2026-09-14,2026-09-21,2026-09-24,Net 45,89198.4
10275,Atlantic Distribution,Barcode Label Rolls,Metro Logistics Supply,Florida,194,131,202.36,19,4.0,0.81,2026-09-29,2026-10-13,2026-10-12,Net 30,39257.84
10276,Evergreen Distribution,Industrial Safety Gloves,Atlantic Warehouse Solutions,Georgia,419,468,406.28,13,4.2,0.98,2026-09-04,2026-09-09,2026-09-11,Net 30,170231.32
10277,Coastal Manufacturing,Laser Printers,Atlantic Warehouse Solutions,Virginia,327,322,287.32,14,4.6,0.87,2026-09-07,2026-09-12,2026-09-10,Net 45,93953.64
10278,Coastal Manufacturing,Ergonomic Office Chairs,PrimeSource Materials,Virginia,360,180,50.33,13,4.9,0.88,2026-09-29,2026-10-11,2026-10-15,Net 45,18118.8
10279,Gulf Coast Logistics,Office Workstations,Atlantic Warehouse Solutions,Florida,134,76,135.55,8,3.3,0.8,2026-09-26,2026-10-09,2026-10-12,Net 30,18163.7
10280,SunCoast Retail,Pallet Wrap,PrimeSource Materials,Texas,405,233,322.43,8,3.3,0.97,2026-09-28,2026-10-01,2026-10-08,Net 60,130584.15
10281,Palm Business Solutions,Barcode Label Rolls,Southeast Supply Co.,North Carolina,312,390,352.99,12,4.9,0.89,2026-09-01,2026-09-06,2026-09-11,Net 45,110132.88
10282,Atlantic Distribution,Barcode Label Rolls,Metro Logistics Supply,Texas,164,314,232.57,12,3.5,0.88,2026-09-11,2026-09-24,2026-09-25,,38141.48
10283,SunCoast Retail,Warehouse Scanners,Southeast Supply Co.,Georgia,469,190,283.07,7,4.3,0.98,2026-09-15,2026-09-21,2026-09-21,Net 45,132759.83
10284,Atlantic Distribution,Laser Printers,BlueLine Distribution,Georgia,135,288,39.72,17,4.4,0.93,2026-09-19,2026-09-24,2026-09-27,Net 45,5362.2
10285,Gulf Coast Logistics,Barcode Label Rolls,PrimeSource Materials,Florida,365,77,336.12,4,3.0,0.88,2026-09-30,2026-10-10,2026-10-15,Net 60,122683.8
10286,Southeast Wholesale,Pallet Wrap,NorthStar Industrial Supply,North Carolina,138,424,433.01,19,4.9,0.76,2026-09-04,2026-09-10,2026-09-16,Net 30,59755.38
10287,SunCoast Retail,Office Workstations,PrimeSource Materials,Florida,304,278,183.82,6,3.9,0.85,2026-09-05,2026-09-18,2026-09-23,Net 60,55881.28
10288,Palm Business Solutions,Ergonomic Office Chairs,Atlantic Warehouse Solutions,Florida,410,191,458.83,11,3.8,0.98,2026-09-03,2026-09-12,2026-09-19,Net 45,188120.3
10289,Palm Business Solutions,USB Docking Stations,Southeast Supply Co.,Texas,355,457,40.0,4,4.2,0.81,2026-09-05,2026-09-17,2026-09-21,Net 45,14200.0
10290,Coastal Manufacturing,Barcode Label Rolls,Atlantic Warehouse Solutions,Virginia,268,305,392.13,4,4.0,0.8,2026-09-09,2026-09-16,2026-09-22,Net 60,105090.84
10291,Coastal Manufacturing,USB Docking Stations,PrimeSource Materials,Virginia,455,576,133.46,13,4.1,0.85,2026-09-28,2026-10-09,2026-10-12,Net 30,60724.3
10292,Metro Office Supply,Industrial Safety Gloves,Metro Logistics Supply,Georgia,496,67,260.87,17,4.3,0.88,2026-09-27,2026-10-02,2026-10-04,Net 45,129391.52
10293,SunCoast Retail,Packaging Tape,BlueLine Distribution,Virginia,195,135,365.4,17,4.1,0.96,2026-09-23,2026-09-29,2026-09-29,Net 60,71253.0
10294,Palm Business Solutions,Pallet Wrap,Atlantic Warehouse Solutions,North Carolina,12,405,427.01,4,3.8,0.95,2026-09-30,2026-10-07,2026-10-12,Net 45,5124.12
10295,Coastal Manufacturing,USB Docking Stations,BlueLine Distribution,Georgia,210,347,75.32,16,4.7,0.85,2026-09-07,2026-09-20,2026-09-21,Net 30,15817.2
10296,Gulf Coast Logistics,Shipping Cartons,Southeast Supply Co.,Virginia,201,539,58.3,16,3.9,0.9,2026-09-18,2026-09-27,2026-09-29,Net 45,11718.3
10297,Gulf Coast Logistics,Warehouse Scanners,BlueLine Distribution,Texas,121,310,249.27,17,4.5,0.83,2026-09-25,2026-10-05,2026-10-11,Net 60,30161.67
10298,SunCoast Retail,Barcode Label Rolls,NorthStar Industrial Supply,Texas,335,185,376.11,9,4.3,0.81,2026-09-08,2026-09-16,2026-09-19,,125996.85
10299,Gulf Coast Logistics,Pallet Wrap,NorthStar Industrial Supply,Virginia,125,592,440.55,6,4.6,0.76,2026-09-05,2026-09-19,2026-09-20,Net 60,55068.75
10300,Palm Business Solutions,USB Docking Stations,Metro Logistics Supply,Texas,22,244,410.84,13,3.9,0.96,2026-09-22,2026-09-28,2026-09-28,Net 30,9038.48
10301,Palm Business Solutions,Thermal Printers,Metro Logistics Supply,Virginia,46,163,143.59,17,4.7,0.8,2026-09-05,2026-09-11,2026-09-14,,6605.14
10302,Atlantic Distribution,Pallet Wrap,PrimeSource Materials,Texas,263,317,408.54,7,3.8,0.79,2026-09-11,2026-09-17,2026-09-22,Net 60,107446.02
10303,SunCoast Retail,Barcode Label Rolls,NorthStar Industrial Supply,Georgia,263,537,26.29,15,4.1,0.83,2026-09-09,2026-09-18,2026-09-18,Net 45,6914.27
10304,SunCoast Retail,Ergonomic Office Chairs,NorthStar Industrial Supply,Texas,135,429,298.27,20,4.7,0.79,2026-09-03,2026-09-08,2026-09-13,Net 45,40266.45
10305,Evergreen Distribution,Warehouse Scanners,BlueLine Distribution,Georgia,389,128,261.09,20,3.5,0.92,2026-09-01,2026-09-10,2026-09-16,Net 30,101564.01
10306,Coastal Manufacturing,Thermal Printers,PrimeSource Materials,North Carolina,454,524,356.75,12,4.1,0.91,2026-09-21,2026-10-03,2026-10-10,Net 30,161964.5
10307,Metro Office Supply,Packaging Tape,NorthStar Industrial Supply,Florida,299,567,236.5,4,4.7,0.99,2026-09-21,2026-09-27,2026-09-26,Net 60,70713.5
10308,Coastal Manufacturing,Shipping Cartons,NorthStar Industrial Supply,Florida,117,457,193.49,14,4.0,0.81,2026-09-20,2026-09-29,2026-09-28,Net 30,22638.33
10309,Atlantic Distribution,Ergonomic Office Chairs,NorthStar Industrial Supply,North Carolina,118,223,127.9,16,4.4,0.88,2026-09-21,2026-09-30,2026-10-07,Net 45,15092.2
10310,Evergreen Distribution,Thermal Printers,Metro Logistics Supply,Florida,235,449,494.51,17,4.2,0.9,2026-09-26,2026-10-09,2026-10-10,Net 45,116209.85
10311,Evergreen Distribution,Ergonomic Office Chairs,PrimeSource Materials,Virginia,14,305,54.12,11,3.2,0.81,2026-09-18,2026-09-28,2026-09-29,Net 60,757.68
10312,SunCoast Retail,Ergonomic Office Chairs,Atlantic Warehouse Solutions,Florida,20,46,439.79,6,3.1,0.76,2026-09-21,2026-09-29,2026-10-02,Net 30,8795.8
10313,Southeast Wholesale,Ergonomic Office Chairs,BlueLine Distribution,Texas,63,555,161.71,15,3.1,0.98,2026-09-21,2026-10-05,2026-10-12,Net 60,10187.73
10314,Gulf Coast Logistics,Industrial Safety Gloves,BlueLine Distribution,Georgia,417,491,374.77,5,3.9,0.86,2026-09-07,2026-09-12,2026-09-18,Net 45,156279.09
10315,Palm Business Solutions,Pallet Wrap,Atlantic Warehouse Solutions,North Carolina,252,176,201.56,14,4.6,0.85,2026-09-02,2026-09-11,2026-09-13,Net 30,50793.12
10316,SunCoast Retail,Ergonomic Office Chairs,PrimeSource Materials,Texas,444,154,55.5,4,3.8,0.84,2026-09-24,2026-09-30,2026-10-02,Net 60,24642.0
10317,Metro Office Supply,Pallet Wrap,Southeast Supply Co.,North Carolina,144,564,338.91,20,4.5,0.86,2026-09-13,2026-09-27,2026-09-29,Net 45,48803.04
10318,Metro Office Supply,Shipping Cartons,Southeast Supply Co.,Florida,213,260,83.83,18,4.1,0.97,2026-09-13,2026-09-18,2026-09-16,Net 45,17855.79
10319,Gulf Coast Logistics,USB Docking Stations,NorthStar Industrial Supply,Florida,222,164,81.28,18,3.5,0.85,2026-09-07,2026-09-13,2026-09-16,Net 30,18044.16
10320,SunCoast Retail,Steel Storage Shelving,BlueLine Distribution,Florida,164,338,181.31,11,3.4,0.76,2026-09-17,2026-09-25,2026-10-02,Net 30,29734.84
10321,SunCoast Retail,Office Workstations,BlueLine Distribution,Florida,442,589,318.39,14,5.0,0.77,2026-09-19,2026-09-26,2026-10-03,Net 30,140728.38
10322,Southeast Wholesale,USB Docking Stations,Southeast Supply Co.,Texas,70,242,467.34,8,5.0,0.84,2026-09-05,2026-09-16,2026-09-20,,32713.8
10323,Atlantic Distribution,Packaging Tape,PrimeSource Materials,Virginia,202,349,359.59,18,4.1,0.91,2026-09-05,2026-09-09,2026-09-11,Net 30,72637.18
10324,SunCoast Retail,Ergonomic Office Chairs,BlueLine Distribution,Virginia,439,39,361.71,17,3.0,0.79,2026-09-30,2026-10-04,2026-10-08,Net 30,158790.69
10325,Southeast Wholesale,Shipping Cartons,BlueLine Distribution,North Carolina,211,361,198.46,9,4.2,0.8,2026-09-21,2026-10-04,2026-10-07,Net 60,41875.06
10326,Palm Business Solutions,Laser Printers,Metro Logistics Supply,Texas,371,206,65.8,19,3.0,0.99,2026-09-08,2026-09-21,2026-09-21,Net 60,24411.8
10327,SunCoast Retail,Laser Printers,Southeast Supply Co.,Georgia,374,262,179.09,12,4.9,0.96,2026-09-24,2026-10-08,2026-10-07,Net 60,66979.66
10328,SunCoast Retail,Shipping Cartons,PrimeSource Materials,Virginia,399,320,184.78,15,3.0,0.81,2026-09-05,2026-09-16,2026-09-23,Net 60,73727.22
10329,Coastal Manufacturing,Packaging Tape,Atlantic Warehouse Solutions,Florida,374,363,147.15,19,3.6,0.82,2026-09-17,2026-09-21,2026-09-24,Net 30,55034.1
10330,Gulf Coast Logistics,Barcode Label Rolls,BlueLine Distribution,North Carolina,134,94,467.03,19,4.6,0.91,2026-09-16,2026-09-27,2026-10-02,Net 60,62582.02
10331,Coastal Manufacturing,Packaging Tape,BlueLine Distribution,North Carolina,416,181,72.27,15,3.1,0.81,2026-09-19,2026-09-27,2026-09-25,Net 45,30064.32
10332,SunCoast Retail,Laser Printers,BlueLine Distribution,North Carolina,306,478,415.39,5,4.1,0.89,2026-09-10,2026-09-13,2026-09-15,Net 45,127109.34
10333,SunCoast Retail,Steel Storage Shelving,Atlantic Warehouse Solutions,Virginia,378,76,418.88,14,3.5,0.93,2026-09-18,2026-09-21,2026-09-19,Net 60,158336.64
10334,Southeast Wholesale,Packaging Tape,Southeast Supply Co.,Florida,172,66,381.65,7,4.8,0.93,2026-09-09,2026-09-17,2026-09-21,Net 30,65643.8
10335,Palm Business Solutions,USB Docking Stations,Metro Logistics Supply,Virginia,131,73,179.93,10,3.8,0.93,2026-09-08,2026-09-18,2026-09-20,Net 45,23570.83
10336,Metro Office Supply,Shipping Cartons,PrimeSource Materials,Florida,200,174,433.35,3,3.8,0.94,2026-09-19,2026-09-26,2026-09-24,Net 30,86670.0
10337,SunCoast Retail,Pallet Wrap,NorthStar Industrial Supply,Virginia,73,429,318.45,19,3.4,0.9,2026-09-01,2026-09-14,2026-09-15,,23246.85
10338,Evergreen Distribution,Office Workstations,PrimeSource Materials,Texas,200,454,488.32,6,4.3,0.97,2026-09-14,2026-09-26,2026-09-26,Net 60,97664.0
10339,Atlantic Distribution,Warehouse Scanners,Metro Logistics Supply,North Carolina,22,474,316.94,18,4.2,0.79,2026-09-15,2026-09-28,2026-09-28,Net 30,6972.68
10340,Southeast Wholesale,Shipping Cartons,Metro Logistics Supply,Texas,77,161,444.33,8,3.9,0.85,2026-09-12,2026-09-22,2026-09-21,Net 60,34213.41
10341,Gulf Coast Logistics,Industrial Safety Gloves,BlueLine Distribution,Florida,270,579,412.49,12,4.7,0.97,2026-09-22,2026-10-02,2026-10-03,Net 45,111372.3
10342,Southeast Wholesale,Steel Storage Shelving,Metro Logistics Supply,Georgia,126,148,79.11,7,4.6,0.93,2026-09-20,2026-09-29,2026-09-30,Net 30,9967.86
10343,Gulf Coast Logistics,Warehouse Scanners,Metro Logistics Supply,Texas,401,553,440.54,6,4.7,0.98,2026-09-28,2026-10-02,2026-10-04,Net 30,176656.54
10344,Atlantic Distribution,Barcode Label Rolls,BlueLine Distribution,Georgia,313,169,105.72,19,3.4,0.98,2026-09-29,2026-10-10,2026-10-15,Net 45,33090.36
10345,Palm Business Solutions,Industrial Safety Gloves,Southeast Supply Co.,Georgia,358,394,113.68,3,3.6,0.81,2026-09-29,2026-10-06,2026-10-11,Net 45,40697.44
10346,Gulf Coast Logistics,Industrial Safety Gloves,PrimeSource Materials,North Carolina,84,112,344.83,17,3.5,0.79,2026-09-09,2026-09-23,2026-09-24,Net 30,28965.72
10347,Gulf Coast Logistics,Ergonomic Office Chairs,NorthStar Industrial Supply,Florida,344,131,282.33,7,4.4,0.98,2026-09-04,2026-09-08,2026-09-10,,97121.52
10348,Atlantic Distribution,Thermal Printers,Metro Logistics Supply,Florida,144,438,386.49,13,3.1,0.94,2026-09-26,2026-09-29,2026-09-30,Net 30,55654.56
10349,SunCoast Retail,Packaging Tape,PrimeSource Materials,Virginia,44,56,417.83,10,4.5,0.92,2026-09-20,2026-09-24,2026-09-30,Net 30,18384.52
10350,Atlantic Distribution,Pallet Wrap,NorthStar Industrial Supply,Texas,157,225,83.8,10,3.7,0.77,2026-09-06,2026-09-19,2026-09-17,,13156.6
10351,Metro Office Supply,Warehouse Scanners,Metro Logistics Supply,Virginia,69,579,92.72,3,4.2,0.92,2026-09-22,2026-09-27,2026-09-25,Net 30,6397.68
10352,Atlantic Distribution,Thermal Printers,Metro Logistics Supply,North Carolina,155,592,344.19,6,5.0,0.91,2026-09-22,2026-09-29,2026-09-27,Net 60,53349.45
10353,Metro Office Supply,Office Workstations,Metro Logistics Supply,Florida,28,314,470.08,16,4.0,0.79,2026-09-08,2026-09-11,2026-09-09,Net 30,13162.24
10354,Palm Business Solutions,Laser Printers,NorthStar Industrial Supply,Virginia,80,103,161.95,8,3.1,0.88,2026-09-06,2026-09-14,2026-09-18,Net 45,12956.0
10355,Gulf Coast Logistics,Ergonomic Office Chairs,BlueLine Distribution,Texas,293,74,98.29,13,4.5,0.97,2026-09-28,2026-10-10,2026-10-17,Net 45,28798.97
10356,Coastal Manufacturing,Thermal Printers,Atlantic Warehouse Solutions,Texas,51,22,54.72,6,3.2,0.83,2026-09-04,2026-09-09,2026-09-14,Net 60,2790.72
10357,Southeast Wholesale,Laser Printers,Metro Logistics Supply,Florida,427,453,193.53,13,3.6,0.83,2026-09-01,2026-09-14,2026-09-14,Net 60,82637.31
10358,Evergreen Distribution,Industrial Safety Gloves,BlueLine Distribution,North Carolina,102,100,408.72,20,3.4,0.91,2026-09-21,2026-09-28,2026-09-30,Net 45,41689.44
10359,Atlantic Distribution,Shipping Cartons,NorthStar Industrial Supply,Texas,189,77,103.02,3,4.9,0.82,2026-09-04,2026-09-09,2026-09-10,Net 30,19470.78
10360,Coastal Manufacturing,Packaging Tape,Atlantic Warehouse Solutions,Texas,359,553,167.46,5,4.1,0.83,2026-09-04,2026-09-10,2026-09-16,Net 60,60118.14
10361,Gulf Coast Logistics,Barcode Label Rolls,NorthStar Industrial Supply,Virginia,260,340,153.69,20,3.1,0.94,2026-09-15,2026-09-19,2026-09-18,Net 30,39959.4
10362,Southeast Wholesale,Barcode Label Rolls,BlueLine Distribution,Florida,12,66,355.66,8,4.0,0.83,2026-09-03,2026-09-06,2026-09-06,Net 30,4267.92
10363,Evergreen Distribution,Laser Printers,PrimeSource Materials,Virginia,169,101,480.85,8,4.3,0.92,2026-09-18,2026-09-27,2026-10-02,Net 60,81263.65
10364,Gulf Coast Logistics,Shipping Cartons,PrimeSource Materials,Texas,79,207,75.0,14,3.1,0.82,2026-09-20,2026-09-24,2026-09-22,Net 30,5925.0
10365,Palm Business Solutions,USB Docking Stations,NorthStar Industrial Supply,North Carolina,76,264,67.83,5,3.7,0.92,2026-09-14,2026-09-25,2026-09-28,Net 45,5155.08
10366,Gulf Coast Logistics,Shipping Cartons,NorthStar Industrial Supply,Virginia,191,458,261.07,18,3.1,0.98,2026-09-15,2026-09-23,2026-09-24,Net 30,49864.37
10367,Coastal Manufacturing,USB Docking Stations,NorthStar Industrial Supply,North Carolina,174,47,54.4,6,4.2,0.77,2026-09-01,2026-09-05,2026-09-12,,9465.6
10368,Southeast Wholesale,Thermal Printers,Metro Logistics Supply,North Carolina,223,189,55.39,6,3.2,0.77,2026-09-23,2026-10-05,2026-10-06,Net 30,12351.97
10369,Gulf Coast Logistics,Laser Printers,Metro Logistics Supply,North Carolina,79,484,312.05,6,3.8,0.95,2026-09-26,2026-10-09,2026-10-12,Net 30,24651.95
10370,Coastal Manufacturing,Industrial Safety Gloves,PrimeSource Materials,Georgia,349,35,140.27,11,3.7,0.88,2026-09-12,2026-09-21,2026-09-27,Net 30,48954.23
10371,Southeast Wholesale,USB Docking Stations,BlueLine Distribution,Georgia,373,496,99.86,6,4.0,0.91,2026-09-04,2026-09-16,2026-09-21,Net 45,37247.78
10372,Evergreen Distribution,USB Docking Stations,BlueLine Distribution,Georgia,446,39,80.15,19,3.7,0.87,2026-09-02,2026-09-08,2026-09-09,Net 45,35746.9
10373,Gulf Coast Logistics,Laser Printers,Southeast Supply Co.,North Carolina,95,406,176.08,6,4.2,0.89,2026-09-11,2026-09-15,2026-09-16,Net 30,16727.6
10374,Palm Business Solutions,Packaging Tape,BlueLine Distribution,North Carolina,205,98,234.49,3,3.1,0.96,2026-09-27,2026-09-30,2026-09-29,Net 45,48070.45
10375,Gulf Coast Logistics,Office Workstations,Southeast Supply Co.,Florida,332,550,241.09,8,3.6,0.96,2026-09-29,2026-10-07,2026-10-14,Net 45,80041.88
10376,SunCoast Retail,Thermal Printers,Southeast Supply Co.,North Carolina,483,338,473.65,12,3.5,0.78,2026-09-14,2026-09-21,2026-09-25,,228772.95
10377,Atlantic Distribution,Packaging Tape,BlueLine Distribution,North Carolina,432,557,60.52,16,4.4,0.91,2026-09-04,2026-09-17,2026-09-15,Net 60,26144.64
10378,Southeast Wholesale,Warehouse Scanners,PrimeSource Materials,Virginia,34,529,410.94,10,3.5,0.87,2026-09-16,2026-09-27,2026-09-26,Net 45,13971.96
10379,SunCoast Retail,Laser Printers,Southeast Supply Co.,Texas,273,51,167.27,14,4.2,0.94,2026-09-07,2026-09-18,2026-09-16,Net 60,45664.71
10380,Evergreen Distribution,Barcode Label Rolls,PrimeSource Materials,Georgia,144,402,216.24,9,4.1,0.77,2026-09-05,2026-09-18,2026-09-24,,31138.56
10381,Evergreen Distribution,Warehouse Scanners,Metro Logistics Supply,Texas,97,343,492.69,11,3.2,0.88,2026-09-08,2026-09-22,2026-09-23,Net 30,47790.93
10382,Atlantic Distribution,Warehouse Scanners,Southeast Supply Co.,Texas,164,173,114.23,3,3.7,0.96,2026-09-02,2026-09-06,2026-09-07,Net 45,18733.72
10383,Evergreen Distribution,Office Workstations,BlueLine Distribution,Georgia,469,496,353.64,17,3.0,0.76,2026-09-17,2026-09-21,2026-09-28,Net 60,165857.16
10384,Coastal Manufacturing,Barcode Label Rolls,BlueLine Distribution,Virginia,25,31,401.13,7,4.6,0.75,2026-09-14,2026-09-21,2026-09-21,Net 60,10028.25
10385,Evergreen Distribution,Steel Storage Shelving,NorthStar Industrial Supply,North Carolina,200,194,172.42,17,3.9,0.86,2026-09-30,2026-10-12,2026-10-15,Net 45,34484.0
10386,Southeast Wholesale,Pallet Wrap,Metro Logistics Supply,Texas,405,499,456.8,6,4.1,0.86,2026-09-28,2026-10-05,2026-10-10,Net 60,185004.0
10387,Southeast Wholesale,USB Docking Stations,Southeast Supply Co.,North Carolina,107,454,346.29,8,3.4,0.87,2026-09-23,2026-09-29,2026-10-02,Net 30,37053.03
10388,Evergreen Distribution,Laser Printers,Southeast Supply Co.,North Carolina,190,94,412.77,7,4.5,0.84,2026-09-22,2026-09-29,2026-10-05,Net 45,78426.3
10389,Southeast Wholesale,Laser Printers,PrimeSource Materials,Florida,309,394,366.13,3,4.0,0.94,2026-09-18,2026-09-28,2026-10-02,Net 30,113134.17
10390,Coastal Manufacturing,Thermal Printers,Southeast Supply Co.,North Carolina,70,593,486.35,11,4.5,0.9,2026-09-28,2026-10-11,2026-10-10,Net 45,34044.5
10391,Evergreen Distribution,Ergonomic Office Chairs,Southeast Supply Co.,Texas,308,523,77.09,13,4.0,0.85,2026-09-12,2026-09-23,2026-09-22,Net 30,23743.72
10392,Evergreen Distribution,Pallet Wrap,Atlantic Warehouse Solutions,Texas,247,48,32.83,3,3.3,0.92,2026-09-15,2026-09-21,2026-09-26,Net 30,8109.01
10393,Southeast Wholesale,Office Workstations,Metro Logistics Supply,Florida,123,196,447.18,16,4.8,0.8,2026-09-17,2026-09-21,2026-09-22,Net 45,55003.14
10394,Gulf Coast Logistics,Warehouse Scanners,Atlantic Warehouse Solutions,Virginia,89,86,429.68,11,4.1,0.83,2026-09-26,2026-09-30,2026-10-03,Net 30,38241.52
10395,Evergreen Distribution,Industrial Safety Gloves,Atlantic Warehouse Solutions,Texas,272,556,320.78,10,4.4,0.87,2026-09-16,2026-09-19,2026-09-26,Net 30,87252.16
10396,Coastal Manufacturing,Barcode Label Rolls,BlueLine Distribution,Virginia,395,519,254.38,13,3.6,0.93,2026-09-26,2026-10-10,2026-10-09,Net 30,100480.1
10397,Gulf Coast Logistics,USB Docking Stations,BlueLine Distribution,Georgia,303,244,414.55,10,4.5,0.77,2026-09-08,2026-09-11,2026-09-16,Net 60,125608.65
10398,Gulf Coast Logistics,Packaging Tape,Southeast Supply Co.,North Carolina,205,550,405.34,20,4.0,0.94,2026-09-12,2026-09-19,2026-09-19,Net 60,83094.7
10399,Metro Office Supply,Industrial Safety Gloves,BlueLine Distribution,Virginia,240,70,46.09,11,4.7,0.96,2026-09-30,2026-10-06,2026-10-13,Net 45,11061.6
10400,Metro Office Supply,Office Workstations,BlueLine Distribution,Florida,12,310,129.52,10,3.0,0.78,2026-09-29,2026-10-04,2026-10-04,Net 30,1554.24
10401,SunCoast Retail,Barcode Label Rolls,PrimeSource Materials,North Carolina,205,209,317.14,3,4.2,0.92,2026-09-27,2026-10-05,2026-10-06,Net 30,65013.7
10402,Metro Office Supply,USB Docking Stations,BlueLine Distribution,Virginia,258,380,156.82,16,4.7,0.91,2026-09-14,2026-09-21,2026-09-24,Net 60,40459.56
10403,Palm Business Solutions,Shipping Cartons,Atlantic Warehouse Solutions,North Carolina,80,130,75.53,16,4.2,0.85,2026-09-29,2026-10-07,2026-10-10,Net 30,6042.4
10404,Evergreen Distribution,Thermal Printers,NorthStar Industrial Supply,Georgia,138,486,278.83,14,3.1,0.95,2026-09-09,2026-09-19,2026-09-18,Net 30,38478.54
10405,Evergreen Distribution,Office Workstations,BlueLine Distribution,Georgia,126,245,142.36,10,3.6,0.8,2026-09-26,2026-10-09,2026-10-10,Net 30,17937.36
10406,Metro Office Supply,Ergonomic Office Chairs,Atlantic Warehouse Solutions,Florida,255,111,223.1,15,3.1,0.8,2026-09-27,2026-10-10,2026-10-17,Net 60,56890.5
10407,Palm Business Solutions,Shipping Cartons,PrimeSource Materials,Georgia,132,263,125.33,9,3.8,0.89,2026-09-04,2026-09-17,2026-09-18,Net 45,16543.56
10408,Metro Office Supply,Office Workstations,NorthStar Industrial Supply,Georgia,462,478,442.2,9,4.1,0.82,2026-09-10,2026-09-23,2026-09-21,Net 60,204296.4
10409,SunCoast Retail,Industrial Safety Gloves,Atlantic Warehouse Solutions,Texas,366,302,112.62,16,3.7,0.98,2026-09-03,2026-09-13,2026-09-17,Net 45,41218.92
10410,Atlantic Distribution,Office Workstations,BlueLine Distribution,North Carolina,315,73,282.71,7,3.8,0.82,2026-09-23,2026-10-03,2026-10-01,Net 30,89053.65
10411,Gulf Coast Logistics,Industrial Safety Gloves,Metro Logistics Supply,Virginia,52,161,297.68,20,3.1,0.79,2026-09-21,2026-10-01,2026-10-02,Net 45,15479.36
10412,Gulf Coast Logistics,Ergonomic Office Chairs,Atlantic Warehouse Solutions,North Carolina,360,523,385.23,20,4.5,0.95,2026-09-30,2026-10-13,2026-10-19,Net 60,138682.8
10413,Evergreen Distribution,Pallet Wrap,Metro Logistics Supply,Virginia,298,295,328.19,13,4.7,0.85,2026-09-16,2026-09-27,2026-10-03,Net 60,97800.62
10414,Coastal Manufacturing,USB Docking Stations,Southeast Supply Co.,Georgia,286,431,384.54,12,4.8,0.89,2026-09-29,2026-10-09,2026-10-12,Net 30,109978.44
10415,Coastal Manufacturing,Office Workstations,BlueLine Distribution,Georgia,242,440,403.0,17,3.4,0.8,2026-09-14,2026-09-17,2026-09-23,Net 45,97526.0
10416,Atlantic Distribution,Industrial Safety Gloves,NorthStar Industrial Supply,North Carolina,109,165,441.29,16,3.4,0.77,2026-09-10,2026-09-21,2026-09-24,Net 45,48100.61
10417,Evergreen Distribution,Steel Storage Shelving,Southeast Supply Co.,Texas,192,219,149.29,8,4.9,0.79,2026-09-09,2026-09-13,2026-09-20,Net 30,28663.68
10418,Atlantic Distribution,Pallet Wrap,BlueLine Distribution,Georgia,403,53,400.26,18,3.7,0.91,2026-09-16,2026-09-22,2026-09-26,,161304.78
10419,Coastal Manufacturing,Pallet Wrap,PrimeSource Materials,North Carolina,334,494,401.4,9,4.4,0.77,2026-09-15,2026-09-27,2026-10-02,,134067.6
10420,Atlantic Distribution,Packaging Tape,PrimeSource Materials,Virginia,147,561,132.44,9,4.9,0.98,2026-09-16,2026-09-25,2026-09-24,Net 30,19468.68
10421,Palm Business Solutions,Packaging Tape,NorthStar Industrial Supply,Georgia,346,208,36.06,17,4.1,0.91,2026-09-05,2026-09-14,2026-09-18,Net 60,12476.76
10422,Gulf Coast Logistics,Packaging Tape,NorthStar Industrial Supply,Georgia,74,29,123.15,4,3.4,0.75,2026-09-10,2026-09-13,2026-09-12,Net 45,9113.1
10423,Palm Business Solutions,Ergonomic Office Chairs,Southeast Supply Co.,Virginia,135,482,294.68,18,4.1,0.76,2026-09-05,2026-09-16,2026-09-18,Net 45,39781.8
10424,Gulf Coast Logistics,Laser Printers,NorthStar Industrial Supply,Georgia,81,417,424.45,14,4.3,0.88,2026-09-24,2026-10-03,2026-10-01,Net 60,34380.45
10425,Southeast Wholesale,Pallet Wrap,BlueLine Distribution,Georgia,73,210,469.41,14,4.0,0.9,2026-09-19,2026-10-01,2026-10-03,Net 45,34266.93
10426,Metro Office Supply,Barcode Label Rolls,NorthStar Industrial Supply,Texas,359,417,43.97,16,3.6,0.91,2026-09-24,2026-10-07,2026-10-11,Net 45,15785.23
10427,Southeast Wholesale,Industrial Safety Gloves,NorthStar Industrial Supply,Virginia,445,314,372.85,14,3.5,0.82,2026-09-22,2026-10-01,2026-10-03,Net 30,165918.25
10428,Metro Office Supply,Laser Printers,Atlantic Warehouse Solutions,Georgia,227,370,129.45,9,3.9,0.92,2026-09-25,2026-10-03,2026-10-01,Net 45,29385.15
10429,Atlantic Distribution,Ergonomic Office Chairs,Atlantic Warehouse Solutions,North Carolina,13,219,475.9,12,4.1,0.81,2026-09-10,2026-09-14,2026-09-18,Net 45,6186.7
10430,Metro Office Supply,Steel Storage Shelving,Atlantic Warehouse Solutions,Georgia,90,84,81.94,13,3.8,0.75,2026-09-30,2026-10-04,2026-10-11,Net 30,7374.6
10431,Gulf Coast Logistics,Ergonomic Office Chairs,PrimeSource Materials,North Carolina,266,550,363.62,18,4.9,0.76,2026-09-14,2026-09-23,2026-09-30,Net 60,96722.92
10432,Coastal Manufacturing,Ergonomic Office Chairs,PrimeSource Materials,Georgia,260,102,340.07,11,4.0,0.97,2026-09-16,2026-09-30,2026-10-04,Net 30,88418.2
10433,Gulf Coast Logistics,Industrial Safety Gloves,Atlantic Warehouse Solutions,Florida,277,131,93.09,16,4.4,0.88,2026-09-25,2026-09-29,2026-09-30,Net 45,25785.93
10434,Evergreen Distribution,Steel Storage Shelving,PrimeSource Materials,Virginia,268,337,414.45,5,3.9,0.96,2026-09-16,2026-09-22,2026-09-23,Net 45,111072.6
10435,Metro Office Supply,Shipping Cartons,PrimeSource Materials,Texas,461,336,338.72,16,3.4,0.96,2026-09-13,2026-09-18,2026-09-19,,156149.92
10436,SunCoast Retail,Industrial Safety Gloves,BlueLine Distribution,Texas,131,331,418.61,4,4.8,0.88,2026-09-05,2026-09-17,2026-09-20,Net 45,54837.91
10437,Atlantic Distribution,Office Workstations,Southeast Supply Co.,Texas,44,172,187.78,8,4.0,0.77,2026-09-20,2026-09-27,2026-09-25,Net 30,8262.32
10438,SunCoast Retail,Ergonomic Office Chairs,BlueLine Distribution,North Carolina,417,123,443.82,8,3.2,0.96,2026-09-07,2026-09-20,2026-09-20,Net 45,185072.94
10439,Coastal Manufacturing,Pallet Wrap,Southeast Supply Co.,Virginia,377,434,57.75,3,5.0,0.98,2026-09-18,2026-09-29,2026-09-28,Net 45,21771.75
10440,Metro Office Supply,Pallet Wrap,Southeast Supply Co.,Florida,73,422,155.08,19,3.2,0.87,2026-09-11,2026-09-21,2026-09-20,Net 45,11320.84
10441,SunCoast Retail,Industrial Safety Gloves,Southeast Supply Co.,Virginia,290,104,272.9,15,3.2,0.8,2026-09-06,2026-09-19,2026-09-17,Net 30,79141.0
10442,Gulf Coast Logistics,Office Workstations,Atlantic Warehouse Solutions,North Carolina,192,70,234.48,3,3.5,0.84,2026-09-18,2026-09-23,2026-09-21,Net 30,45020.16
10443,Gulf Coast Logistics,Steel Storage Shelving,NorthStar Industrial Supply,Virginia,240,597,490.32,12,3.2,0.83,2026-09-13,2026-09-16,2026-09-16,Net 30,117676.8
10444,Atlantic Distribution,Office Workstations,Atlantic Warehouse Solutions,Texas,361,217,110.67,14,3.7,0.95,2026-09-22,2026-09-29,2026-09-29,Net 45,39951.87
10445,SunCoast Retail,Thermal Printers,NorthStar Industrial Supply,Texas,400,108,101.75,7,3.5,0.79,2026-09-19,2026-09-24,2026-10-01,Net 30,40700.0
10446,Southeast Wholesale,Warehouse Scanners,BlueLine Distribution,Texas,327,165,240.07,20,4.4,0.8,2026-09-03,2026-09-17,2026-09-16,Net 30,78502.89
10447,Coastal Manufacturing,Warehouse Scanners,Metro Logistics Supply,North Carolina,134,569,334.68,15,4.0,0.97,2026-09-20,2026-09-27,2026-09-30,Net 45,44847.12
10448,Palm Business Solutions,Ergonomic Office Chairs,BlueLine Distribution,Texas,407,91,211.54,14,4.7,0.84,2026-09-10,2026-09-13,2026-09-19,Net 45,86096.78
10449,Evergreen Distribution,Thermal Printers,Metro Logistics Supply,Florida,339,556,253.27,12,3.5,0.81,2026-09-08,2026-09-15,2026-09-16,Net 60,85858.53
10450,Coastal Manufacturing,Warehouse Scanners,BlueLine Distribution,North Carolina,97,337,238.08,14,4.7,0.82,2026-09-25,2026-10-01,2026-10-08,Net 45,23093.76
10451,Evergreen Distribution,Warehouse Scanners,PrimeSource Materials,Virginia,372,428,101.74,11,3.2,0.94,2026-09-18,2026-09-28,2026-09-28,Net 45,37847.28
10452,Coastal Manufacturing,Ergonomic Office Chairs,Atlantic Warehouse Solutions,Florida,386,247,332.38,13,3.3,0.76,2026-09-13,2026-09-25,2026-09-27,Net 45,128298.68
10453,Southeast Wholesale,Warehouse Scanners,NorthStar Industrial Supply,Florida,466,281,200.5,9,4.5,0.82,2026-09-09,2026-09-17,2026-09-20,,93433.0
10454,Southeast Wholesale,Barcode Label Rolls,NorthStar Industrial Supply,North Carolina,84,62,109.61,11,4.5,0.95,2026-09-04,2026-09-12,2026-09-11,Net 30,9207.24
10455,Metro Office Supply,Shipping Cartons,BlueLine Distribution,Texas,82,380,351.21,12,3.6,0.91,2026-09-28,2026-10-06,2026-10-09,Net 30,28799.22
10456,Coastal Manufacturing,Barcode Label Rolls,Metro Logistics Supply,Florida,481,432,370.74,13,4.0,0.83,2026-09-28,2026-10-08,2026-10-14,Net 60,178325.94
10457,Southeast Wholesale,Packaging Tape,PrimeSource Materials,North Carolina,165,175,305.02,9,3.6,0.87,2026-09-26,2026-10-07,2026-10-14,Net 60,50328.3
10458,Coastal Manufacturing,Packaging Tape,PrimeSource Materials,Georgia,216,597,97.47,3,4.0,0.94,2026-09-16,2026-09-25,2026-10-02,Net 60,21053.52
10459,Palm Business Solutions,Ergonomic Office Chairs,NorthStar Industrial Supply,Texas,79,315,266.92,9,4.0,0.96,2026-09-01,2026-09-13,2026-09-18,Net 60,21086.68
10460,Gulf Coast Logistics,Packaging Tape,NorthStar Industrial Supply,Texas,399,39,206.92,12,3.5,0.76,2026-09-15,2026-09-19,2026-09-23,Net 45,82561.08
10461,Gulf Coast Logistics,Industrial Safety Gloves,Atlantic Warehouse Solutions,Georgia,250,331,233.06,11,4.2,0.75,2026-09-15,2026-09-22,2026-09-29,Net 30,58265.0
10462,Gulf Coast Logistics,Office Workstations,BlueLine Distribution,Georgia,335,323,158.11,12,3.8,0.9,2026-09-26,2026-09-29,2026-09-29,Net 30,52966.85
10463,Gulf Coast Logistics,Laser Printers,PrimeSource Materials,Texas,323,286,481.96,6,5.0,0.82,2026-09-22,2026-10-03,2026-10-08,Net 45,155673.08
10464,Southeast Wholesale,Pallet Wrap,Southeast Supply Co.,Virginia,467,399,451.94,6,3.3,0.92,2026-09-22,2026-09-29,2026-10-01,,211055.98
10465,Evergreen Distribution,Laser Printers,Southeast Supply Co.,Florida,458,97,58.07,20,3.2,0.92,2026-09-15,2026-09-29,2026-10-02,Net 60,26596.06
10466,Metro Office Supply,USB Docking Stations,Atlantic Warehouse Solutions,Texas,465,88,445.19,15,3.2,0.8,2026-09-06,2026-09-09,2026-09-15,Net 30,207013.35
10467,Southeast Wholesale,Steel Storage Shelving,NorthStar Industrial Supply,North Carolina,458,455,115.28,15,3.9,0.8,2026-09-02,2026-09-14,2026-09-18,Net 45,52798.24
10468,Gulf Coast Logistics,Industrial Safety Gloves,BlueLine Distribution,Florida,284,349,113.12,4,3.1,0.98,2026-09-21,2026-09-27,2026-10-01,Net 30,32126.08
10469,Atlantic Distribution,Barcode Label Rolls,Metro Logistics Supply,Georgia,254,108,128.75,13,4.2,0.79,2026-09-27,2026-10-11,2026-10-14,Net 30,32702.5
10470,Coastal Manufacturing,Office Workstations,Metro Logistics Supply,Florida,239,444,392.17,15,3.3,0.84,2026-09-03,2026-09-15,2026-09-21,Net 45,93728.63
10471,Palm Business Solutions,Packaging Tape,Southeast Supply Co.,North Carolina,491,500,251.24,11,4.4,0.81,2026-09-16,2026-09-24,2026-09-30,Net 30,123358.84
10472,SunCoast Retail,Laser Printers,Southeast Supply Co.,Virginia,144,217,96.17,5,4.1,0.95,2026-09-06,2026-09-17,2026-09-15,Net 30,13848.48
10473,Gulf Coast Logistics,Thermal Printers,Southeast Supply Co.,Virginia,464,181,480.61,16,3.6,0.95,2026-09-27,2026-10-11,2026-10-15,Net 45,223003.04
10474,Gulf Coast Logistics,Barcode Label Rolls,PrimeSource Materials,Virginia,282,479,384.54,12,4.0,0.94,2026-09-30,2026-10-11,2026-10-17,Net 30,108440.28
10475,Atlantic Distribution,USB Docking Stations,Southeast Supply Co.,Texas,470,516,162.32,13,3.0,0.84,2026-09-22,2026-09-26,2026-09-30,Net 30,76290.4
10476,Coastal Manufacturing,Industrial Safety Gloves,Atlantic Warehouse Solutions,Florida,452,547,127.78,13,4.2,0.77,2026-09-30,2026-10-06,2026-10-04,Net 30,57756.56
10477,Southeast Wholesale,Ergonomic Office Chairs,Southeast Supply Co.,Virginia,211,253,236.3,6,4.1,0.92,2026-09-18,2026-09-30,2026-10-02,Net 60,49859.3
10478,Coastal Manufacturing,Shipping Cartons,BlueLine Distribution,Georgia,366,27,84.67,10,3.7,0.98,2026-09-17,2026-09-20,2026-09-24,Net 45,30989.22
10479,Evergreen Distribution,USB Docking Stations,BlueLine Distribution,Georgia,393,495,26.45,11,4.9,0.94,2026-09-19,2026-09-22,2026-09-28,Net 45,10394.85
10480,Evergreen Distribution,Packaging Tape,Atlantic Warehouse Solutions,Texas,30,378,52.98,17,4.1,0.76,2026-09-07,2026-09-10,2026-09-15,Net 60,1589.4
10481,Coastal Manufacturing,Shipping Cartons,Atlantic Warehouse Solutions,Florida,326,565,57.12,18,4.7,0.77,2026-09-15,2026-09-21,2026-09-19,Net 30,18621.12
10482,Southeast Wholesale,Ergonomic Office Chairs,Southeast Supply Co.,Virginia,448,93,84.19,15,3.5,0.93,2026-09-18,2026-09-25,2026-10-02,Net 60,37717.12
10483,Coastal Manufacturing,Warehouse Scanners,Metro Logistics Supply,Texas,227,502,111.88,20,4.3,0.76,2026-09-03,2026-09-11,2026-09-17,Net 45,25396.76
10484,Coastal Manufacturing,USB Docking Stations,Southeast Supply Co.,Georgia,352,301,377.3,15,4.1,0.91,2026-09-08,2026-09-21,2026-09-28,Net 60,132809.6
10485,Atlantic Distribution,Packaging Tape,PrimeSource Materials,Texas,392,361,94.65,15,3.6,0.78,2026-09-13,2026-09-20,2026-09-23,Net 30,37102.8
10486,Southeast Wholesale,Laser Printers,BlueLine Distribution,Florida,218,439,117.74,16,3.1,0.88,2026-09-27,2026-10-09,2026-10-10,Net 30,25667.32
10487,Gulf Coast Logistics,Shipping Cartons,NorthStar Industrial Supply,Virginia,260,550,169.04,12,4.4,0.89,2026-09-05,2026-09-14,2026-09-14,Net 60,43950.4
10488,Southeast Wholesale,Barcode Label Rolls,BlueLine Distribution,North Carolina,34,228,233.57,14,4.5,0.79,2026-09-06,2026-09-19,2026-09-24,Net 60,7941.38
10489,Palm Business Solutions,Ergonomic Office Chairs,Southeast Supply Co.,Florida,302,178,247.46,19,4.8,0.84,2026-09-18,2026-09-25,2026-10-01,Net 30,74732.92
10490,Metro Office Supply,Warehouse Scanners,Southeast Supply Co.,Florida,359,450,96.56,14,4.6,0.88,2026-09-08,2026-09-22,2026-09-20,Net 30,34665.04
10491,Southeast Wholesale,Office Workstations,BlueLine Distribution,Georgia,325,124,316.46,7,4.2,0.84,2026-09-07,2026-09-16,2026-09-15,Net 30,102849.5
10492,SunCoast Retail,Steel Storage Shelving,BlueLine Distribution,Florida,481,198,453.43,17,3.7,0.89,2026-09-25,2026-09-28,2026-10-01,Net 60,218099.83
10493,SunCoast Retail,Pallet Wrap,BlueLine Distribution,Georgia,179,195,44.41,7,4.8,0.97,2026-09-10,2026-09-19,2026-09-18,Net 45,7949.39
10494,Gulf Coast Logistics,Office Workstations,PrimeSource Materials,Texas,149,341,34.62,5,4.9,0.91,2026-09-26,2026-10-09,2026-10-13,Net 45,5158.38
10495,Metro Office Supply,Shipping Cartons,Metro Logistics Supply,Florida,339,358,46.35,15,3.8,0.85,2026-09-25,2026-10-02,2026-10-03,,15712.65
10496,SunCoast Retail,Packaging Tape,Atlantic Warehouse Solutions,Florida,300,116,337.8,20,3.5,0.97,2026-09-30,2026-10-14,2026-10-14,Net 45,101340.0
10497,Atlantic Distribution,Industrial Safety Gloves,Atlantic Warehouse Solutions,Texas,64,399,279.75,19,4.7,0.98,2026-09-08,2026-09-16,2026-09-18,Net 45,17904.0
10498,Evergreen Distribution,USB Docking Stations,Metro Logistics Supply,Georgia,205,521,158.1,8,3.2,0.82,2026-09-24,2026-10-06,2026-10-09,Net 45,32410.5
10499,Evergreen Distribution,USB Docking Stations,BlueLine Distribution,Virginia,375,82,153.91,3,4.0,0.87,2026-09-11,2026-09-16,2026-09-22,Net 60,57716.25
10500,Atlantic Distribution,Warehouse Scanners,Metro Logistics Supply,Texas,388,378,243.69,3,3.8,0.85,2026-09-04,2026-09-17,2026-09-16,Net 60,94551.72
10501,Metro Office Supply,Steel Storage Shelving,Metro Logistics Supply,Texas,391,319,441.78,20,3.2,0.82,2026-09-04,2026-09-14,2026-09-16,Net 30,172735.98
10502,Evergreen Distribution,Packaging Tape,Atlantic Warehouse Solutions,Georgia,369,69,221.55,20,4.7,0.93,2026-09-24,2026-09-27,2026-09-30,Net 60,81751.95
10503,Palm Business Solutions,Laser Printers,Atlantic Warehouse Solutions,Georgia,497,339,391.04,14,4.3,0.87,2026-09-10,2026-09-19,2026-09-22,Net 30,194346.88
10504,Palm Business Solutions,Industrial Safety Gloves,PrimeSource Materials,Virginia,354,102,198.9,19,3.1,0.99,2026-09-02,2026-09-13,2026-09-15,Net 45,70410.6
10505,Metro Office Supply,Thermal Printers,Metro Logistics Supply,Virginia,110,166,369.71,11,3.1,0.91,2026-09-09,2026-09-14,2026-09-12,Net 45,40668.1
10506,Metro Office Supply,Pallet Wrap,NorthStar Industrial Supply,North Carolina,432,466,368.95,10,4.4,0.99,2026-09-01,2026-09-15,2026-09-15,Net 30,159386.4
10507,Evergreen Distribution,USB Docking Stations,NorthStar Industrial Supply,Florida,286,403,383.64,6,4.1,0.89,2026-09-02,2026-09-11,2026-09-12,Net 60,109721.04
10508,SunCoast Retail,Ergonomic Office Chairs,Metro Logistics Supply,Georgia,224,512,115.56,8,3.2,0.87,2026-09-25,2026-10-05,2026-10-03,Net 45,25885.44
10509,Evergreen Distribution,Packaging Tape,Atlantic Warehouse Solutions,Virginia,374,589,344.21,12,4.0,0.97,2026-09-24,2026-09-27,2026-10-01,Net 60,128734.54
10510,SunCoast Retail,USB Docking Stations,Atlantic Warehouse Solutions,Texas,485,443,121.29,10,5.0,0.85,2026-09-07,2026-09-12,2026-09-11,Net 30,58825.65
10511,Gulf Coast Logistics,Industrial Safety Gloves,PrimeSource Materials,North Carolina,175,555,493.63,9,4.4,0.83,2026-09-20,2026-10-04,2026-10-10,Net 30,86385.25
10512,Atlantic Distribution,Office Workstations,NorthStar Industrial Supply,Virginia,84,521,169.23,4,3.9,0.83,2026-09-21,2026-09-30,2026-09-30,Net 30,14215.32
10513,Southeast Wholesale,Warehouse Scanners,Southeast Supply Co.,Texas,325,317,127.29,14,4.3,0.97,2026-09-29,2026-10-08,2026-10-07,Net 45,41369.25
10514,Evergreen Distribution,Barcode Label Rolls,Atlantic Warehouse Solutions,Georgia,243,133,150.89,9,3.9,0.83,2026-09-09,2026-09-18,2026-09-18,Net 45,36666.27
10515,Atlantic Distribution,Laser Printers,Atlantic Warehouse Solutions,Georgia,42,420,108.53,20,3.4,0.75,2026-09-07,2026-09-10,2026-09-12,Net 30,4558.26
10516,Metro Office Supply,Pallet Wrap,Southeast Supply Co.,Virginia,348,552,127.16,16,3.9,0.95,2026-09-10,2026-09-19,2026-09-25,Net 30,44251.68
10517,Atlantic Distribution,Office Workstations,Southeast Supply Co.,Texas,397,524,443.99,4,4.1,0.79,2026-09-04,2026-09-10,2026-09-14,,176264.03
10518,Gulf Coast Logistics,Pallet Wrap,NorthStar Industrial Supply,Florida,224,355,219.05,14,3.7,0.96,2026-09-25,2026-10-06,2026-10-06,Net 30,49067.2
10519,Metro Office Supply,Warehouse Scanners,Atlantic Warehouse Solutions,Florida,429,183,338.56,15,3.2,0.78,2026-09-05,2026-09-16,2026-09-14,Net 60,145242.24
10520,Coastal Manufacturing,Office Workstations,Atlantic Warehouse Solutions,Florida,177,460,375.15,16,3.7,0.82,2026-09-30,2026-10-06,2026-10-08,Net 60,66401.55
10521,Palm Business Solutions,Ergonomic Office Chairs,NorthStar Industrial Supply,Texas,367,161,370.33,17,3.8,0.91,2026-09-26,2026-10-04,2026-10-06,Net 45,135911.11
10522,Southeast Wholesale,Shipping Cartons,Atlantic Warehouse Solutions,North Carolina,244,586,236.07,16,3.7,0.78,2026-09-11,2026-09-24,2026-09-24,Net 30,57601.08
10523,Gulf Coast Logistics,Thermal Printers,PrimeSource Materials,Florida,46,220,401.95,11,4.2,0.97,2026-09-08,2026-09-16,2026-09-19,Net 30,18489.7
10524,Metro Office Supply,USB Docking Stations,PrimeSource Materials,Texas,38,313,95.59,10,4.1,0.81,2026-09-14,2026-09-28,2026-10-02,Net 30,3632.42
10525,Metro Office Supply,Ergonomic Office Chairs,Metro Logistics Supply,Virginia,132,170,312.46,16,3.6,0.97,2026-09-13,2026-09-17,2026-09-18,Net 30,41244.72
10526,Coastal Manufacturing,USB Docking Stations,PrimeSource Materials,North Carolina,380,415,48.53,9,4.3,0.8,2026-09-04,2026-09-07,2026-09-07,Net 60,18441.4
10527,Metro Office Supply,Pallet Wrap,Southeast Supply Co.,Florida,120,41,235.51,13,4.7,0.78,2026-09-19,2026-10-03,2026-10-02,Net 45,28261.2
10528,Metro Office Supply,Industrial Safety Gloves,BlueLine Distribution,Texas,409,555,283.82,11,5.0,0.77,2026-09-13,2026-09-26,2026-10-03,Net 45,116082.38
10529,Southeast Wholesale,USB Docking Stations,PrimeSource Materials,Virginia,416,314,233.24,15,4.3,0.89,2026-09-09,2026-09-20,2026-09-20,Net 60,97027.84
10530,Palm Business Solutions,Industrial Safety Gloves,BlueLine Distribution,Georgia,327,22,237.13,20,3.1,0.85,2026-09-01,2026-09-09,2026-09-07,Net 30,77541.51
10531,Palm Business Solutions,Ergonomic Office Chairs,Southeast Supply Co.,Georgia,329,598,460.24,6,4.9,0.96,2026-09-18,2026-09-22,2026-09-23,Net 60,151418.96
10532,SunCoast Retail,Pallet Wrap,NorthStar Industrial Supply,North Carolina,232,304,32.99,16,4.9,0.83,2026-09-09,2026-09-14,2026-09-13,Net 30,7653.68
10533,Gulf Coast Logistics,Warehouse Scanners,Metro Logistics Supply,Virginia,283,459,232.5,5,3.1,0.86,2026-09-07,2026-09-15,2026-09-21,Net 60,65797.5
10534,Gulf Coast Logistics,Industrial Safety Gloves,Metro Logistics Supply,Texas,234,273,300.03,6,4.4,0.87,2026-09-16,2026-09-23,2026-09-30,Net 45,70207.02
10535,Atlantic Distribution,Industrial Safety Gloves,BlueLine Distribution,Georgia,363,310,281.77,19,4.4,0.82,2026-09-17,2026-09-25,2026-09-29,Net 60,102282.51
10536,Gulf Coast Logistics,Laser Printers,BlueLine Distribution,Texas,420,123,221.64,18,4.8,0.89,2026-09-24,2026-09-28,2026-09-28,Net 45,93088.8
10537,Palm Business Solutions,Packaging Tape,BlueLine Distribution,Georgia,341,499,60.01,10,3.2,0.79,2026-09-01,2026-09-04,2026-09-10,Net 45,20463.41
10538,Metro Office Supply,Packaging Tape,Metro Logistics Supply,Texas,143,249,168.19,13,4.3,0.78,2026-09-05,2026-09-16,2026-09-21,Net 30,24051.17
10539,Palm Business Solutions,Pallet Wrap,NorthStar Industrial Supply,Virginia,166,92,66.2,5,3.9,0.9,2026-09-29,2026-10-09,2026-10-07,Net 30,10989.2
10540,Southeast Wholesale,Ergonomic Office Chairs,NorthStar Industrial Supply,Virginia,149,177,393.22,18,3.2,0.82,2026-09-20,2026-09-27,2026-09-27,Net 45,58589.78
10541,Palm Business Solutions,Laser Printers,PrimeSource Materials,Texas,269,161,355.54,7,4.0,0.88,2026-09-18,2026-09-30,2026-09-30,Net 45,95640.26
10542,Gulf Coast Logistics,Barcode Label Rolls,Atlantic Warehouse Solutions,Georgia,303,106,308.5,16,3.7,0.96,2026-09-19,2026-09-23,2026-09-29,Net 30,93475.5
10543,Palm Business Solutions,Steel Storage Shelving,Atlantic Warehouse Solutions,Georgia,323,599,131.89,20,3.9,0.81,2026-09-09,2026-09-20,2026-09-24,Net 45,42600.47
10544,SunCoast Retail,Industrial Safety Gloves,Atlantic Warehouse Solutions,Texas,315,535,401.39,15,3.6,0.79,2026-09-15,2026-09-28,2026-10-04,Net 60,126437.85
10545,Southeast Wholesale,Laser Printers,PrimeSource Materials,Virginia,261,90,349.18,11,3.2,0.86,2026-09-07,2026-09-10,2026-09-11,,91135.98
10546,Metro Office Supply,USB Docking Stations,NorthStar Industrial Supply,Virginia,192,454,342.26,13,3.8,0.84,2026-09-28,2026-10-08,2026-10-07,Net 30,65713.92
10547,Coastal Manufacturing,Thermal Printers,Southeast Supply Co.,Texas,103,217,127.65,14,4.4,0.82,2026-09-15,2026-09-24,2026-09-29,Net 45,13147.95
10548,Evergreen Distribution,Packaging Tape,BlueLine Distribution,Georgia,247,385,98.02,17,4.4,0.9,2026-09-11,2026-09-20,2026-09-19,Net 60,24210.94
10549,Atlantic Distribution,Pallet Wrap,BlueLine Distribution,Texas,318,590,277.46,12,4.2,0.94,2026-09-25,2026-10-07,2026-10-11,Net 45,88232.28
10550,SunCoast Retail,Thermal Printers,BlueLine Distribution,North Carolina,313,157,490.8,14,3.5,0.96,2026-09-07,2026-09-16,2026-09-16,Net 45,153620.4
10551,Palm Business Solutions,Office Workstations,BlueLine Distribution,Florida,353,112,256.02,13,3.5,0.75,2026-09-08,2026-09-11,2026-09-12,Net 30,90375.06
10552,Atlantic Distribution,Thermal Printers,Southeast Supply Co.,North Carolina,290,383,58.63,6,4.7,0.89,2026-09-10,2026-09-17,2026-09-19,Net 45,17002.7
10553,SunCoast Retail,Thermal Printers,Metro Logistics Supply,Virginia,157,550,457.57,16,3.6,0.79,2026-09-07,2026-09-12,2026-09-13,Net 30,71838.49
10554,Palm Business Solutions,Packaging Tape,Southeast Supply Co.,Florida,109,553,73.97,11,4.7,0.92,2026-09-01,2026-09-09,2026-09-10,Net 45,8062.73
10555,SunCoast Retail,Barcode Label Rolls,Atlantic Warehouse Solutions,Florida,480,293,192.76,13,3.4,0.91,2026-09-19,2026-09-25,2026-09-30,Net 30,92524.8
10556,Atlantic Distribution,Laser Printers,Southeast Supply Co.,Texas,330,468,334.12,18,3.8,0.81,2026-09-22,2026-10-02,2026-10-05,Net 30,110259.6
10557,Palm Business Solutions,Laser Printers,Metro Logistics Supply,Florida,41,188,265.61,17,4.2,0.85,2026-09-15,2026-09-25,2026-10-02,Net 60,10890.01
10558,Coastal Manufacturing,Thermal Printers,PrimeSource Materials,North Carolina,168,388,314.37,17,3.6,0.89,2026-09-14,2026-09-23,2026-09-21,Net 30,52814.16
10559,Evergreen Distribution,USB Docking Stations,NorthStar Industrial Supply,Florida,392,324,317.12,7,4.8,0.8,2026-09-06,2026-09-15,2026-09-21,Net 60,124311.04
10560,SunCoast Retail,Steel Storage Shelving,BlueLine Distribution,Florida,95,203,214.03,10,5.0,0.81,2026-09-08,2026-09-20,2026-09-26,Net 30,20332.85
10561,Coastal Manufacturing,Packaging Tape,Metro Logistics Supply,Georgia,447,264,290.32,16,4.6,0.82,2026-09-04,2026-09-07,2026-09-10,Net 45,129773.04
10562,Southeast Wholesale,Laser Printers,Southeast Supply Co.,Florida,283,117,101.57,19,3.3,0.97,2026-09-10,2026-09-16,2026-09-19,Net 45,28744.31
10563,Metro Office Supply,Industrial Safety Gloves,PrimeSource Materials,Georgia,128,311,164.8,10,3.9,0.87,2026-09-11,2026-09-21,2026-09-28,Net 30,21094.4
10564,Gulf Coast Logistics,Pallet Wrap,PrimeSource Materials,Florida,61,222,365.72,18,4.2,0.85,2026-09-06,2026-09-13,2026-09-11,,22308.92
10565,Gulf Coast Logistics,Industrial Safety Gloves,Southeast Supply Co.,North Carolina,493,261,470.25,17,3.8,0.93,2026-09-09,2026-09-22,2026-09-23,Net 45,231833.25
10566,Coastal Manufacturing,Steel Storage Shelving,NorthStar Industrial Supply,Texas,17,419,330.64,13,4.7,0.89,2026-09-25,2026-10-07,2026-10-07,Net 30,5620.88
10567,Southeast Wholesale,USB Docking Stations,Metro Logistics Supply,Virginia,117,281,103.24,17,4.0,0.95,2026-09-09,2026-09-16,2026-09-15,Net 45,12079.08
10568,Evergreen Distribution,Ergonomic Office Chairs,PrimeSource Materials,Virginia,50,87,465.04,6,4.5,0.76,2026-09-19,2026-09-26,2026-09-29,Net 45,23252.0
10569,Metro Office Supply,Thermal Printers,NorthStar Industrial Supply,Texas,137,341,287.46,13,3.9,0.8,2026-09-02,2026-09-14,2026-09-21,,39382.02
10570,Metro Office Supply,Shipping Cartons,Atlantic Warehouse Solutions,Florida,333,147,251.93,9,4.0,0.76,2026-09-27,2026-10-02,2026-09-30,Net 30,83892.69
10571,Evergreen Distribution,Pallet Wrap,Metro Logistics Supply,North Carolina,28,346,176.51,16,3.7,0.95,2026-09-28,2026-10-01,2026-10-07,Net 45,4942.28
10572,Coastal Manufacturing,Packaging Tape,Metro Logistics Supply,Georgia,34,401,66.78,20,3.4,0.77,2026-09-15,2026-09-22,2026-09-20,Net 30,2270.52
10573,Southeast Wholesale,Thermal Printers,BlueLine Distribution,Texas,48,195,495.82,11,3.3,0.85,2026-09-29,2026-10-09,2026-10-13,Net 60,23799.36
10574,Metro Office Supply,Thermal Printers,BlueLine Distribution,North Carolina,132,92,182.61,14,4.3,0.95,2026-09-22,2026-10-06,2026-10-04,Net 30,24104.52
10575,Atlantic Distribution,USB Docking Stations,BlueLine Distribution,Florida,305,22,264.5,20,4.3,0.84,2026-09-16,2026-09-26,2026-09-24,Net 45,80672.5
10576,Atlantic Distribution,Pallet Wrap,NorthStar Industrial Supply,Virginia,171,33,276.98,11,4.1,0.9,2026-09-27,2026-10-02,2026-10-06,Net 30,47363.58
10577,Palm Business Solutions,Steel Storage Shelving,NorthStar Industrial Supply,Virginia,63,585,235.45,7,4.5,0.88,2026-09-11,2026-09-25,2026-09-25,Net 30,14833.35
10578,SunCoast Retail,USB Docking Stations,BlueLine Distribution,Texas,191,118,34.37,20,4.9,0.77,2026-09-02,2026-09-13,2026-09-11,Net 45,6564.67
10579,SunCoast Retail,USB Docking Stations,NorthStar Industrial Supply,Virginia,383,548,217.25,13,3.8,0.76,2026-09-14,2026-09-21,2026-09-21,Net 30,83206.75
10580,Atlantic Distribution,Warehouse Scanners,PrimeSource Materials,Texas,438,77,73.89,10,3.9,0.78,2026-09-15,2026-09-18,2026-09-16,Net 30,32363.82
10581,SunCoast Retail,Steel Storage Shelving,Atlantic Warehouse Solutions,Virginia,19,550,217.82,8,4.4,0.9,2026-09-13,2026-09-24,2026-09-23,Net 30,4138.58
10582,Gulf Coast Logistics,Office Workstations,Southeast Supply Co.,Texas,144,100,164.3,4,3.5,0.86,2026-09-10,2026-09-23,2026-09-27,Net 45,23659.2
10583,SunCoast Retail,Warehouse Scanners,Southeast Supply Co.,Florida,352,496,252.67,14,3.5,0.94,2026-09-02,2026-09-10,2026-09-15,Net 60,88939.84
10584,Southeast Wholesale,Laser Printers,PrimeSource Materials,Texas,414,267,117.15,20,4.2,0.79,2026-09-20,2026-10-03,2026-10-09,Net 45,48500.1
10585,Atlantic Distribution,Barcode Label Rolls,Metro Logistics Supply,Georgia,447,524,460.55,5,4.9,0.96,2026-09-15,2026-09-25,2026-10-01,Net 60,205865.85
10586,Gulf Coast Logistics,Pallet Wrap,Atlantic Warehouse Solutions,North Carolina,459,354,366.85,16,4.5,0.98,2026-09-06,2026-09-12,2026-09-13,,168384.15
10587,Gulf Coast Logistics,Shipping Cartons,Atlantic Warehouse Solutions,Florida,393,85,397.86,13,3.6,0.9,2026-09-17,2026-09-28,2026-09-29,Net 45,156358.98
10588,Evergreen Distribution,Thermal Printers,PrimeSource Materials,North Carolina,471,462,302.16,8,3.5,0.81,2026-09-30,2026-10-13,2026-10-11,Net 45,142317.36
10589,Southeast Wholesale,Industrial Safety Gloves,Metro Logistics Supply,North Carolina,268,214,30.82,9,5.0,0.82,2026-09-19,2026-10-03,2026-10-02,Net 30,8259.76
10590,Gulf Coast Logistics,Pallet Wrap,Atlantic Warehouse Solutions,Georgia,486,221,328.15,15,3.8,0.76,2026-09-11,2026-09-14,2026-09-21,Net 45,159480.9
10591,Metro Office Supply,Ergonomic Office Chairs,PrimeSource Materials,Florida,399,387,435.32,9,3.3,0.79,2026-09-02,2026-09-16,2026-09-20,,173692.68
10592,Gulf Coast Logistics,Ergonomic Office Chairs,NorthStar Industrial Supply,Georgia,296,464,377.72,8,3.3,0.84,2026-09-08,2026-09-14,2026-09-19,Net 45,111805.12
10593,Palm Business Solutions,Office Workstations,BlueLine Distribution,Virginia,125,180,186.35,15,4.7,0.89,2026-09-02,2026-09-15,2026-09-15,Net 30,23293.75
10594,Palm Business Solutions,Office Workstations,Metro Logistics Supply,North Carolina,72,406,121.8,11,4.5,0.91,2026-09-28,2026-10-08,2026-10-12,,8769.6
10595,Coastal Manufacturing,Barcode Label Rolls,Southeast Supply Co.,Texas,170,261,197.77,8,4.3,0.77,2026-09-25,2026-10-08,2026-10-07,,33620.9
10596,Coastal Manufacturing,Warehouse Scanners,PrimeSource Materials,Virginia,126,268,397.43,3,3.6,0.78,2026-09-25,2026-10-03,2026-10-10,Net 30,50076.18
10597,Southeast Wholesale,Packaging Tape,NorthStar Industrial Supply,North Carolina,265,415,146.42,16,3.4,0.95,2026-09-22,2026-09-27,2026-09-27,Net 45,38801.3
10598,Evergreen Distribution,USB Docking Stations,Atlantic Warehouse Solutions,Florida,143,158,395.07,14,3.4,0.86,2026-09-03,2026-09-09,2026-09-16,Net 45,56495.01
10599,Gulf Coast Logistics,Warehouse Scanners,Metro Logistics Supply,Virginia,12,288,231.02,14,3.6,0.83,2026-09-13,2026-09-20,2026-09-24,Net 30,2772.24
10600,Palm Business Solutions,Thermal Printers,BlueLine Distribution,Georgia,316,242,94.61,5,4.5,0.84,2026-09-17,2026-09-21,2026-09-20,Net 30,29896.76
10601,Evergreen Distribution,Thermal Printers,Atlantic Warehouse Solutions,Georgia,63,469,182.32,13,4.5,0.86,2026-09-06,2026-09-13,2026-09-11,,11486.16
10602,SunCoast Retail,Warehouse Scanners,NorthStar Industrial Supply,Georgia,491,243,257.48,16,3.0,0.97,2026-09-24,2026-09-28,2026-10-02,,126422.68
10603,Evergreen Distribution,Barcode Label Rolls,Southeast Supply Co.,Virginia,81,368,194.72,3,4.3,0.85,2026-09-14,2026-09-21,2026-09-26,Net 30,15772.32
10604,Evergreen Distribution,Thermal Printers,PrimeSource Materials,Georgia,32,567,98.88,4,4.6,0.95,2026-09-04,2026-09-07,2026-09-12,,3164.16
10605,Metro Office Supply,Warehouse Scanners,BlueLine Distribution,Virginia,207,224,280.26,14,3.0,0.89,2026-09-14,2026-09-23,2026-09-28,Net 30,58013.82
10606,Coastal Manufacturing,Laser Printers,Southeast Supply Co.,Texas,96,123,331.83,10,3.1,0.91,2026-09-06,2026-09-16,2026-09-15,Net 30,31855.68
10607,Palm Business Solutions,Ergonomic Office Chairs,BlueLine Distribution,Florida,166,489,403.17,11,4.0,0.77,2026-09-05,2026-09-12,2026-09-16,Net 30,66926.22
10608,Coastal Manufacturing,Packaging Tape,Metro Logistics Supply,Georgia,457,416,85.94,19,3.9,0.89,2026-09-07,2026-09-17,2026-09-24,Net 30,39274.58
10609,Atlantic Distribution,Steel Storage Shelving,PrimeSource Materials,Georgia,467,232,444.82,7,4.8,0.78,2026-09-28,2026-10-08,2026-10-10,Net 60,207730.94
10610,Metro Office Supply,Thermal Printers,Atlantic Warehouse Solutions,North Carolina,443,157,178.62,11,3.5,0.98,2026-09-26,2026-10-02,2026-10-03,Net 30,79128.66
10611,Metro Office Supply,Thermal Printers,Atlantic Warehouse Solutions,Florida,321,313,78.54,11,4.7,0.84,2026-09-19,2026-09-22,2026-09-21,Net 45,25211.34
10612,Evergreen Distribution,USB Docking Stations,NorthStar Industrial Supply,Texas,232,78,280.16,4,3.7,0.78,2026-09-15,2026-09-20,2026-09-27,Net 30,64997.12
10613,SunCoast Retail,Warehouse Scanners,PrimeSource Materials,Florida,313,350,235.74,8,3.9,0.91,2026-09-08,2026-09-11,2026-09-11,,73786.62
10614,Metro Office Supply,Laser Printers,NorthStar Industrial Supply,Florida,74,573,410.02,16,4.7,0.87,2026-09-11,2026-09-24,2026-09-25,Net 60,30341.48
10615,Evergreen Distribution,Pallet Wrap,PrimeSource Materials,Georgia,117,371,200.46,16,4.9,0.88,2026-09-01,2026-09-04,2026-09-07,Net 45,23453.82
10616,Southeast Wholesale,Industrial Safety Gloves,Southeast Supply Co.,Georgia,36,583,320.29,16,3.9,0.82,2026-09-21,2026-10-05,2026-10-03,Net 45,11530.44
10617,SunCoast Retail,Packaging Tape,BlueLine Distribution,North Carolina,149,529,168.81,13,4.3,0.79,2026-09-10,2026-09-16,2026-09-23,Net 45,25152.69
10618,Atlantic Distribution,Packaging Tape,BlueLine Distribution,Florida,462,560,142.38,14,3.3,0.8,2026-09-20,2026-09-29,2026-10-05,Net 30,65779.56
10619,Atlantic Distribution,Ergonomic Office Chairs,Metro Logistics Supply,Texas,179,520,179.85,3,5.0,0.91,2026-09-04,2026-09-09,2026-09-15,Net 60,32193.15
10620,Palm Business Solutions,Warehouse Scanners,Southeast Supply Co.,Georgia,301,208,365.56,16,4.9,0.89,2026-09-22,2026-09-25,2026-09-25,Net 45,110033.56
10621,Southeast Wholesale,Laser Printers,PrimeSource Materials,Texas,309,478,302.69,13,4.1,0.9,2026-09-01,2026-09-12,2026-09-19,Net 45,93531.21
10622,Southeast Wholesale,Shipping Cartons,Southeast Supply Co.,Texas,491,328,56.97,8,4.8,0.88,2026-09-27,2026-10-05,2026-10-08,Net 30,27972.27
10623,Southeast Wholesale,Warehouse Scanners,Southeast Supply Co.,Texas,154,431,47.38,11,3.6,0.91,2026-09-22,2026-09-30,2026-10-04,Net 30,7296.52
10624,Gulf Coast Logistics,Steel Storage Shelving,NorthStar Industrial Supply,Virginia,485,371,57.65,14,3.6,0.9,2026-09-14,2026-09-18,2026-09-22,Net 30,27960.25
10625,Southeast Wholesale,USB Docking Stations,PrimeSource Materials,North Carolina,312,465,53.01,14,3.8,0.79,2026-09-10,2026-09-24,2026-09-26,Net 30,16539.12
10626,Atlantic Distribution,USB Docking Stations,PrimeSource Materials,North Carolina,261,172,362.92,11,4.1,0.84,2026-09-02,2026-09-06,2026-09-11,Net 60,94722.12
10627,Gulf Coast Logistics,Industrial Safety Gloves,BlueLine Distribution,North Carolina,412,151,300.69,17,3.9,0.79,2026-09-03,2026-09-17,2026-09-23,Net 45,123884.28
10628,Southeast Wholesale,Office Workstations,BlueLine Distribution,Georgia,190,187,121.39,15,4.6,0.78,2026-09-28,2026-10-10,2026-10-15,Net 45,23064.1
10629,Atlantic Distribution,Thermal Printers,BlueLine Distribution,Texas,71,95,124.72,20,3.5,0.96,2026-09-21,2026-09-28,2026-10-02,Net 60,8855.12
10630,Southeast Wholesale,Laser Printers,Southeast Supply Co.,Virginia,345,229,285.84,7,4.8,0.79,2026-09-16,2026-09-30,2026-10-03,Net 60,98614.8
10631,Metro Office Supply,Pallet Wrap,Atlantic Warehouse Solutions,Virginia,266,236,107.32,16,3.8,0.75,2026-09-18,2026-09-30,2026-09-28,Net 30,28547.12
10632,Evergreen Distribution,Laser Printers,NorthStar Industrial Supply,Virginia,133,336,75.14,7,4.7,0.93,2026-09-17,2026-09-20,2026-09-20,Net 30,9993.62
10633,Coastal Manufacturing,Packaging Tape,Metro Logistics Supply,Virginia,299,51,416.25,3,3.1,0.93,2026-09-03,2026-09-13,2026-09-16,Net 45,124458.75
10634,Coastal Manufacturing,Ergonomic Office Chairs,PrimeSource Materials,Virginia,390,53,317.64,12,4.1,0.99,2026-09-24,2026-10-08,2026-10-12,Net 30,123879.6
10635,SunCoast Retail,Pallet Wrap,Southeast Supply Co.,Virginia,120,598,71.71,20,4.5,0.77,2026-09-04,2026-09-10,2026-09-08,Net 60,8605.2
10636,Evergreen Distribution,Laser Printers,Metro Logistics Supply,Virginia,387,397,178.2,10,3.6,0.82,2026-09-28,2026-10-08,2026-10-14,Net 45,68963.4
10637,Coastal Manufacturing,Ergonomic Office Chairs,Metro Logistics Supply,Florida,249,572,316.05,20,4.8,0.84,2026-09-21,2026-09-26,2026-10-01,Net 45,78696.45
10638,Evergreen Distribution,USB Docking Stations,BlueLine Distribution,Virginia,187,414,57.13,3,4.9,0.98,2026-09-06,2026-09-09,2026-09-16,Net 30,10683.31
10639,Gulf Coast Logistics,Ergonomic Office Chairs,BlueLine Distribution,North Carolina,173,456,65.81,8,3.3,0.87,2026-09-19,2026-09-27,2026-09-27,Net 30,11385.13
10640,Atlantic Distribution,Office Workstations,BlueLine Distribution,Virginia,178,451,467.62,17,3.8,0.84,2026-09-15,2026-09-28,2026-10-02,Net 45,83236.36
10641,Palm Business Solutions,Ergonomic Office Chairs,Metro Logistics Supply,Virginia,87,527,140.33,20,3.4,0.76,2026-09-16,2026-09-27,2026-10-02,Net 45,12208.71
10642,Palm Business Solutions,Pallet Wrap,Atlantic Warehouse Solutions,Florida,197,597,497.32,6,4.7,0.81,2026-09-14,2026-09-18,2026-09-23,Net 60,97972.04
10643,Evergreen Distribution,Laser Printers,Metro Logistics Supply,Virginia,499,288,414.5,5,3.3,0.78,2026-09-21,2026-10-04,2026-10-09,Net 45,206835.5
10644,Southeast Wholesale,Packaging Tape,Southeast Supply Co.,Virginia,264,402,213.17,19,4.2,0.93,2026-09-13,2026-09-24,2026-09-27,Net 45,56276.88
10645,Palm Business Solutions,Pallet Wrap,Atlantic Warehouse Solutions,North Carolina,388,501,54.71,9,4.0,0.77,2026-09-23,2026-10-03,2026-10-07,Net 60,21227.48
10646,Southeast Wholesale,Warehouse Scanners,Southeast Supply Co.,North Carolina,131,194,120.91,9,3.8,0.92,2026-09-11,2026-09-17,2026-09-23,Net 60,15839.21
10647,SunCoast Retail,Steel Storage Shelving,PrimeSource Materials,Georgia,253,111,351.19,16,4.1,0.94,2026-09-08,2026-09-15,2026-09-19,Net 30,88851.07
10648,Metro Office Supply,Ergonomic Office Chairs,PrimeSource Materials,North Carolina,314,338,70.79,19,4.0,0.86,2026-09-27,2026-09-30,2026-09-29,Net 45,22228.06
10649,Metro Office Supply,Laser Printers,Southeast Supply Co.,Georgia,325,349,244.58,4,4.9,0.8,2026-09-27,2026-10-08,2026-10-07,Net 60,79488.5
10650,Coastal Manufacturing,Office Workstations,Atlantic Warehouse Solutions,Virginia,59,33,144.35,10,4.6,0.89,2026-09-02,2026-09-12,2026-09-15,Net 45,8516.65
10651,Metro Office Supply,Laser Printers,PrimeSource Materials,North Carolina,289,37,331.86,15,4.3,0.83,2026-09-23,2026-09-30,2026-10-06,Net 60,95907.54
10652,SunCoast Retail,Steel Storage Shelving,BlueLine Distribution,Florida,307,389,162.47,13,3.3,0.79,2026-09-04,2026-09-08,2026-09-10,Net 45,49878.29
10653,SunCoast Retail,Warehouse Scanners,NorthStar Industrial Supply,North Carolina,491,182,172.99,6,4.6,0.98,2026-09-07,2026-09-14,2026-09-16,Net 30,84938.09
10654,Metro Office Supply,Pallet Wrap,PrimeSource Materials,Florida,373,508,65.31,5,4.2,0.87,2026-09-29,2026-10-08,2026-10-14,Net 30,24360.63
10655,Evergreen Distribution,Office Workstations,BlueLine Distribution,Florida,79,507,276.36,20,4.7,0.76,2026-09-02,2026-09-13,2026-09-12,Net 60,21832.44
10656,Gulf Coast Logistics,Ergonomic Office Chairs,BlueLine Distribution,Virginia,283,388,321.18,13,3.3,0.98,2026-09-09,2026-09-18,2026-09-17,Net 45,90893.94
10657,Metro Office Supply,Thermal Printers,Southeast Supply Co.,Georgia,283,364,404.02,18,4.7,0.82,2026-09-24,2026-10-03,2026-10-05,Net 30,114337.66
10658,Palm Business Solutions,Steel Storage Shelving,Metro Logistics Supply,Georgia,162,345,105.42,12,4.6,0.96,2026-09-25,2026-09-30,2026-09-28,,17078.04
10659,SunCoast Retail,Packaging Tape,Atlantic Warehouse Solutions,Georgia,302,164,152.08,7,3.5,0.84,2026-09-17,2026-09-27,2026-10-01,Net 60,45928.16
10660,Palm Business Solutions,Shipping Cartons,Southeast Supply Co.,Texas,401,105,412.65,19,3.5,0.76,2026-09-02,2026-09-11,2026-09-15,Net 45,165472.65
10661,Palm Business Solutions,Ergonomic Office Chairs,Atlantic Warehouse Solutions,Georgia,127,284,242.53,17,3.9,0.9,2026-09-02,2026-09-14,2026-09-17,Net 30,30801.31
10662,Palm Business Solutions,Warehouse Scanners,BlueLine Distribution,Georgia,431,28,98.91,20,3.6,0.92,2026-09-15,2026-09-20,2026-09-20,Net 60,42630.21
10663,Metro Office Supply,Steel Storage Shelving,PrimeSource Materials,North Carolina,307,483,208.14,9,4.1,0.99,2026-09-02,2026-09-07,2026-09-14,Net 30,63898.98
10664,Evergreen Distribution,Office Workstations,PrimeSource Materials,Georgia,419,112,341.31,19,4.1,0.95,2026-09-16,2026-09-26,2026-09-27,Net 45,143008.89
10665,Metro Office Supply,Office Workstations,Southeast Supply Co.,Florida,207,239,476.27,20,3.2,0.92,2026-09-15,2026-09-26,2026-10-03,,98587.89
10666,Southeast Wholesale,Laser Printers,NorthStar Industrial Supply,Georgia,384,356,412.57,4,4.6,0.86,2026-09-26,2026-09-29,2026-09-28,Net 45,158426.88
10667,SunCoast Retail,Thermal Printers,Southeast Supply Co.,Florida,80,309,336.3,20,4.6,0.96,2026-09-26,2026-10-03,2026-10-08,Net 60,26904.0
10668,Atlantic Distribution,Laser Printers,BlueLine Distribution,North Carolina,274,89,52.87,20,4.6,0.93,2026-09-05,2026-09-16,2026-09-23,,14486.38
10669,Coastal Manufacturing,Thermal Printers,Metro Logistics Supply,Florida,325,529,423.35,4,3.3,0.78,2026-09-27,2026-10-06,2026-10-13,Net 30,137588.75
10670,Metro Office Supply,Warehouse Scanners,NorthStar Industrial Supply,Texas,137,92,34.8,19,4.8,0.97,2026-09-30,2026-10-05,2026-10-05,Net 30,4767.6
10671,Gulf Coast Logistics,Ergonomic Office Chairs,PrimeSource Materials,Texas,400,23,395.15,17,4.1,0.84,2026-09-30,2026-10-12,2026-10-13,Net 30,158060.0
10672,Metro Office Supply,Barcode Label Rolls,PrimeSource Materials,Texas,361,270,283.89,3,3.5,0.76,2026-09-26,2026-10-03,2026-10-01,Net 30,102484.29
10673,Southeast Wholesale,Packaging Tape,BlueLine Distribution,Virginia,63,534,326.68,18,3.3,0.85,2026-09-13,2026-09-25,2026-09-26,Net 60,20580.84
10674,Gulf Coast Logistics,Barcode Label Rolls,Metro Logistics Supply,Georgia,21,187,89.82,9,3.1,0.75,2026-09-28,2026-10-01,2026-09-30,Net 60,1886.22
10675,Southeast Wholesale,Steel Storage Shelving,Metro Logistics Supply,North Carolina,330,227,57.62,4,3.4,0.76,2026-09-26,2026-09-30,2026-10-03,Net 30,19014.6
10676,Atlantic Distribution,Laser Printers,Metro Logistics Supply,Virginia,265,305,139.72,18,4.5,0.77,2026-09-11,2026-09-14,2026-09-13,Net 45,37025.8
10677,Southeast Wholesale,Steel Storage Shelving,BlueLine Distribution,Virginia,365,237,55.91,3,4.3,0.78,2026-09-17,2026-09-26,2026-09-29,Net 30,20407.15
10678,Evergreen Distribution,Thermal Printers,BlueLine Distribution,Virginia,364,269,484.2,7,3.3,0.84,2026-09-30,2026-10-14,2026-10-18,Net 30,176248.8
10679,Gulf Coast Logistics,Thermal Printers,PrimeSource Materials,Georgia,108,572,220.5,4,3.8,0.78,2026-09-23,2026-10-02,2026-10-08,Net 30,23814.0
10680,Atlantic Distribution,Shipping Cartons,Southeast Supply Co.,Georgia,74,418,187.31,20,3.6,0.81,2026-09-02,2026-09-16,2026-09-14,Net 45,13860.94
10681,Atlantic Distribution,Industrial Safety Gloves,NorthStar Industrial Supply,Georgia,173,391,369.43,8,3.7,0.81,2026-09-08,2026-09-14,2026-09-21,Net 30,63911.39
10682,SunCoast Retail,USB Docking Stations,NorthStar Industrial Supply,Texas,348,129,99.44,17,4.3,0.9,2026-09-03,2026-09-14,2026-09-18,Net 60,34605.12
10683,Metro Office Supply,Office Workstations,Metro Logistics Supply,Virginia,410,445,407.24,8,3.7,0.82,2026-09-22,2026-10-05,2026-10-07,Net 30,166968.4
10684,Gulf Coast Logistics,Thermal Printers,Southeast Supply Co.,Florida,141,22,467.46,5,4.1,0.83,2026-09-21,2026-09-26,2026-09-29,Net 60,65911.86
10685,Palm Business Solutions,USB Docking Stations,Southeast Supply Co.,North Carolina,370,286,189.21,3,5.0,0.85,2026-09-21,2026-09-30,2026-10-01,Net 45,70007.7
10686,Gulf Coast Logistics,Ergonomic Office Chairs,BlueLine Distribution,Virginia,267,429,195.61,20,3.9,0.76,2026-09-12,2026-09-26,2026-09-29,Net 60,52227.87
10687,Palm Business Solutions,Packaging Tape,Metro Logistics Supply,Florida,53,442,366.74,5,4.2,0.9,2026-09-08,2026-09-11,2026-09-17,Net 30,19437.22
10688,SunCoast Retail,USB Docking Stations,Southeast Supply Co.,Texas,387,45,222.41,11,3.3,0.86,2026-09-24,2026-10-08,2026-10-15,Net 45,86072.67
10689,Gulf Coast Logistics,Warehouse Scanners,BlueLine Distribution,Texas,251,127,94.9,18,3.8,0.82,2026-09-21,2026-10-05,2026-10-03,Net 60,23819.9
10690,Atlantic Distribution,Thermal Printers,PrimeSource Materials,North Carolina,179,241,309.38,19,3.3,0.88,2026-09-08,2026-09-15,2026-09-19,Net 30,55379.02
10691,Gulf Coast Logistics,Thermal Printers,PrimeSource Materials,Texas,457,145,293.4,3,4.0,0.78,2026-09-05,2026-09-18,2026-09-20,Net 30,134083.8
10692,Gulf Coast Logistics,Shipping Cartons,PrimeSource Materials,Texas,235,546,257.72,20,3.5,0.83,2026-09-25,2026-09-29,2026-09-27,Net 45,60564.2
10693,Palm Business Solutions,Ergonomic Office Chairs,NorthStar Industrial Supply,Virginia,253,348,329.03,3,3.1,0.94,2026-09-06,2026-09-10,2026-09-09,Net 30,83244.59
10694,Coastal Manufacturing,Barcode Label Rolls,Southeast Supply Co.,Virginia,183,377,204.85,6,3.4,0.85,2026-09-25,2026-10-01,2026-10-02,,37487.55
10695,Coastal Manufacturing,Thermal Printers,Atlantic Warehouse Solutions,North Carolina,414,84,254.04,15,4.8,0.78,2026-09-08,2026-09-18,2026-09-16,Net 60,105172.56
10696,Gulf Coast Logistics,Office Workstations,PrimeSource Materials,Virginia,100,63,405.51,11,3.1,0.86,2026-09-02,2026-09-05,2026-09-05,Net 45,40551.0
10697,Atlantic Distribution,Ergonomic Office Chairs,NorthStar Industrial Supply,Florida,203,441,124.83,14,4.5,0.76,2026-09-20,2026-09-27,2026-10-02,Net 30,25340.49
10698,Gulf Coast Logistics,Ergonomic Office Chairs,PrimeSource Materials,Florida,498,506,291.35,17,4.9,0.83,2026-09-16,2026-09-23,2026-09-29,Net 60,145092.3
10699,Coastal Manufacturing,USB Docking Stations,Atlantic Warehouse Solutions,Virginia,474,594,87.55,5,4.6,0.9,2026-09-24,2026-10-06,2026-10-06,,41498.7
10700,SunCoast Retail,Ergonomic Office Chairs,Atlantic Warehouse Solutions,Texas,423,322,101.87,9,3.2,0.92,2026-09-22,2026-09-30,2026-10-06,Net 30,43091.01
10701,Palm Business Solutions,Industrial Safety Gloves,Atlantic Warehouse Solutions,Florida,168,510,477.22,18,4.4,0.87,2026-09-05,2026-09-08,2026-09-11,Net 60,80172.96
10702,Gulf Coast Logistics,USB Docking Stations,Southeast Supply Co.,North Carolina,492,153,204.79,16,3.2,0.89,2026-09-26,2026-10-03,2026-10-02,Net 60,100756.68
10703,Southeast Wholesale,Office Workstations,BlueLine Distribution,Texas,43,164,232.5,4,4.0,0.86,2026-09-29,2026-10-12,2026-10-17,Net 45,9997.5
10704,Gulf Coast Logistics,Barcode Label Rolls,Southeast Supply Co.,Georgia,235,107,364.06,12,4.8,0.96,2026-09-27,2026-10-04,2026-10-06,Net 30,85554.1
10705,Palm Business Solutions,USB Docking Stations,Atlantic Warehouse Solutions,Virginia,215,441,260.05,16,4.5,0.97,2026-09-21,2026-09-25,2026-09-30,Net 45,55910.75
10706,Metro Office Supply,Ergonomic Office Chairs,Atlantic Warehouse Solutions,Texas,181,210,472.81,4,3.9,0.83,2026-09-16,2026-09-20,2026-09-24,Net 45,85578.61
10707,SunCoast Retail,Warehouse Scanners,Atlantic Warehouse Solutions,Virginia,451,228,230.47,7,4.1,0.92,2026-09-07,2026-09-15,2026-09-21,Net 30,103941.97
10708,Coastal Manufacturing,Barcode Label Rolls,BlueLine Distribution,North Carolina,423,184,122.13,9,4.8,0.82,2026-09-09,2026-09-21,2026-09-23,Net 60,51660.99
10709,Evergreen Distribution,Steel Storage Shelving,PrimeSource Materials,North Carolina,221,456,107.33,6,3.6,0.78,2026-09-27,2026-10-11,2026-10-18,Net 30,23719.93
10710,SunCoast Retail,Warehouse Scanners,Southeast Supply Co.,North Carolina,492,204,88.34,9,4.5,0.94,2026-09-19,2026-09-27,2026-09-26,Net 45,43463.28
10711,Evergreen Distribution,Thermal Printers,Atlantic Warehouse Solutions,Florida,164,140,26.15,4,3.4,0.92,2026-09-16,2026-09-26,2026-10-03,Net 30,4288.6
10712,Palm Business Solutions,Warehouse Scanners,NorthStar Industrial Supply,Georgia,216,30,385.31,12,4.9,0.88,2026-09-14,2026-09-28,2026-09-27,Net 45,83226.96
10713,SunCoast Retail,Barcode Label Rolls,NorthStar Industrial Supply,Virginia,311,420,187.09,14,4.3,0.94,2026-09-16,2026-09-22,2026-09-20,Net 30,58184.99
10714,Atlantic Distribution,Barcode Label Rolls,BlueLine Distribution,Georgia,73,290,89.82,19,3.9,0.78,2026-09-13,2026-09-23,2026-09-30,Net 45,6556.86
10715,Gulf Coast Logistics,Packaging Tape,NorthStar Industrial Supply,Texas,435,202,430.81,7,4.0,0.97,2026-09-18,2026-09-28,2026-10-04,Net 60,187402.35
10716,SunCoast Retail,USB Docking Stations,NorthStar Industrial Supply,Florida,132,420,247.61,3,4.5,0.82,2026-09-21,2026-09-24,2026-09-24,Net 45,32684.52
10717,Metro Office Supply,Warehouse Scanners,BlueLine Distribution,North Carolina,492,453,249.22,4,4.0,0.92,2026-09-22,2026-10-06,2026-10-06,Net 60,122616.24
10718,Palm Business Solutions,Barcode Label Rolls,Metro Logistics Supply,Georgia,30,342,431.27,9,4.5,0.98,2026-09-08,2026-09-20,2026-09-26,Net 45,12938.1
10719,Southeast Wholesale,Industrial Safety Gloves,Metro Logistics Supply,Virginia,343,349,79.64,3,4.6,0.85,2026-09-02,2026-09-10,2026-09-10,Net 30,27316.52
10720,Evergreen Distribution,Office Workstations,NorthStar Industrial Supply,Texas,495,523,374.09,3,4.8,0.81,2026-09-30,2026-10-03,2026-10-07,Net 30,185174.55
10721,Coastal Manufacturing,Barcode Label Rolls,PrimeSource Materials,Georgia,330,405,428.35,13,4.7,0.75,2026-09-05,2026-09-15,2026-09-17,Net 45,141355.5
10722,Metro Office Supply,Shipping Cartons,BlueLine Distribution,Texas,340,550,180.32,7,4.8,0.94,2026-09-18,2026-09-23,2026-09-21,,61308.8
10723,Atlantic Distribution,Barcode Label Rolls,Metro Logistics Supply,Texas,445,353,398.54,3,3.4,0.93,2026-09-05,2026-09-10,2026-09-09,Net 45,177350.3
10724,Palm Business Solutions,Packaging Tape,Atlantic Warehouse Solutions,North Carolina,380,142,169.38,4,3.9,0.76,2026-09-30,2026-10-13,2026-10-13,Net 30,64364.4
10725,Coastal Manufacturing,Steel Storage Shelving,BlueLine Distribution,Georgia,142,35,268.64,7,3.5,0.99,2026-09-03,2026-09-09,2026-09-14,Net 30,38146.88
10726,Gulf Coast Logistics,Thermal Printers,Southeast Supply Co.,Florida,237,91,303.86,3,4.5,0.96,2026-09-16,2026-09-21,2026-09-21,,72014.82
10727,Southeast Wholesale,Office Workstations,Metro Logistics Supply,Georgia,44,510,41.88,3,4.4,0.82,2026-09-17,2026-09-23,2026-09-29,Net 30,1842.72
10728,Evergreen Distribution,Steel Storage Shelving,Atlantic Warehouse Solutions,Florida,403,112,205.97,10,3.3,0.96,2026-09-26,2026-10-06,2026-10-06,Net 45,83005.91
10729,Metro Office Supply,Warehouse Scanners,NorthStar Industrial Supply,Florida,269,567,233.13,19,4.2,0.87,2026-09-21,2026-10-01,2026-10-05,Net 60,62711.97
10730,Palm Business Solutions,Barcode Label Rolls,NorthStar Industrial Supply,Texas,450,394,313.04,9,4.2,0.86,2026-09-13,2026-09-27,2026-10-02,,140868.0
10731,Coastal Manufacturing,Industrial Safety Gloves,PrimeSource Materials,Virginia,474,369,380.93,7,4.0,0.81,2026-09-06,2026-09-15,2026-09-13,,180560.82
10732,Evergreen Distribution,USB Docking Stations,BlueLine Distribution,Texas,340,167,354.16,10,4.6,0.99,2026-09-14,2026-09-26,2026-09-27,Net 30,120414.4
10733,Metro Office Supply,USB Docking Stations,PrimeSource Materials,Florida,49,248,33.28,18,3.5,0.79,2026-09-04,2026-09-16,2026-09-21,Net 30,1630.72
10734,Evergreen Distribution,Packaging Tape,NorthStar Industrial Supply,Georgia,277,82,29.8,11,3.5,0.87,2026-09-22,2026-09-26,2026-09-25,,8254.6
10735,SunCoast Retail,Office Workstations,BlueLine Distribution,Texas,98,513,141.32,3,4.6,0.82,2026-09-09,2026-09-14,2026-09-12,Net 45,13849.36
10736,Atlantic Distribution,Packaging Tape,BlueLine Distribution,Virginia,495,392,301.93,9,4.4,0.91,2026-09-07,2026-09-17,2026-09-15,Net 60,149455.35
10737,Southeast Wholesale,Packaging Tape,BlueLine Distribution,North Carolina,231,172,82.97,19,4.6,0.84,2026-09-22,2026-10-02,2026-09-30,Net 60,19166.07
10738,SunCoast Retail,Packaging Tape,Metro Logistics Supply,Georgia,370,384,72.48,3,3.1,0.97,2026-09-03,2026-09-08,2026-09-09,Net 45,26817.6
10739,Coastal Manufacturing,Thermal Printers,Southeast Supply Co.,North Carolina,256,324,272.44,19,4.2,0.98,2026-09-12,2026-09-21,2026-09-26,Net 45,69744.64
10740,Metro Office Supply,Warehouse Scanners,Metro Logistics Supply,Virginia,170,98,428.55,19,4.4,0.94,2026-09-08,2026-09-22,2026-09-24,Net 30,72853.5
10741,Evergreen Distribution,USB Docking Stations,NorthStar Industrial Supply,Georgia,130,205,267.26,11,4.4,0.78,2026-09-14,2026-09-21,2026-09-23,Net 60,34743.8
10742,Atlantic Distribution,Packaging Tape,NorthStar Industrial Supply,Texas,297,403,446.66,11,4.6,0.8,2026-09-18,2026-09-24,2026-09-25,,132658.02
10743,Coastal Manufacturing,Ergonomic Office Chairs,PrimeSource Materials,Texas,234,295,239.26,16,4.8,0.95,2026-09-02,2026-09-09,2026-09-11,Net 30,55986.84
10744,Metro Office Supply,Office Workstations,PrimeSource Materials,Florida,253,438,289.42,19,4.2,0.99,2026-09-08,2026-09-11,2026-09-10,Net 45,73223.26
10745,Gulf Coast Logistics,USB Docking Stations,PrimeSource Materials,Florida,222,328,312.84,10,3.3,0.96,2026-09-05,2026-09-18,2026-09-19,Net 45,69450.48
10746,Palm Business Solutions,Industrial Safety Gloves,PrimeSource Materials,Virginia,316,449,424.27,12,3.9,0.84,2026-09-19,2026-09-22,2026-09-23,Net 45,134069.32
10747,SunCoast Retail,Industrial Safety Gloves,BlueLine Distribution,Texas,24,245,41.42,7,4.5,0.89,2026-09-09,2026-09-19,2026-09-25,Net 45,994.08
10748,Evergreen Distribution,Ergonomic Office Chairs,BlueLine Distribution,North Carolina,236,77,489.08,5,4.2,0.94,2026-09-01,2026-09-08,2026-09-09,Net 45,115422.88
10749,Metro Office Supply,Steel Storage Shelving,BlueLine Distribution,Florida,383,24,70.06,9,4.2,0.88,2026-09-03,2026-09-15,2026-09-17,Net 45,26832.98
10750,Atlantic Distribution,Shipping Cartons,PrimeSource Materials,Georgia,23,470,457.24,11,3.2,0.94,2026-09-14,2026-09-20,2026-09-26,Net 45,10516.52
10751,SunCoast Retail,USB Docking Stations,Atlantic Warehouse Solutions,Florida,140,362,457.19,20,3.6,0.9,2026-09-21,2026-09-24,2026-09-30,Net 45,64006.6
10752,Evergreen Distribution,Warehouse Scanners,BlueLine Distribution,Georgia,29,222,301.92,19,5.0,0.87,2026-09-14,2026-09-23,2026-09-24,Net 45,8755.68
10753,Southeast Wholesale,Industrial Safety Gloves,BlueLine Distribution,Georgia,255,439,205.81,4,4.2,0.76,2026-09-12,2026-09-21,2026-09-25,Net 45,52481.55
10754,Gulf Coast Logistics,Steel Storage Shelving,Southeast Supply Co.,North Carolina,359,459,426.97,9,3.7,0.92,2026-09-12,2026-09-22,2026-09-25,Net 45,153282.23
10755,Southeast Wholesale,Shipping Cartons,Southeast Supply Co.,North Carolina,488,130,288.96,20,3.8,0.91,2026-09-05,2026-09-11,2026-09-13,Net 45,141012.48
10756,Coastal Manufacturing,Industrial Safety Gloves,BlueLine Distribution,North Carolina,383,325,476.28,15,4.6,0.79,2026-09-13,2026-09-23,2026-09-23,Net 30,182415.24
10757,Atlantic Distribution,Steel Storage Shelving,Metro Logistics Supply,Texas,204,131,326.24,13,3.2,0.98,2026-09-06,2026-09-13,2026-09-17,,66552.96
10758,Gulf Coast Logistics,Barcode Label Rolls,PrimeSource Materials,Florida,386,353,290.21,16,4.7,0.9,2026-09-01,2026-09-05,2026-09-10,Net 45,112021.06
10759,Southeast Wholesale,Thermal Printers,NorthStar Industrial Supply,Georgia,398,584,215.34,19,3.1,0.9,2026-09-05,2026-09-12,2026-09-19,Net 60,85705.32
10760,Palm Business Solutions,Office Workstations,Southeast Supply Co.,Virginia,56,439,186.14,7,3.2,0.8,2026-09-19,2026-09-22,2026-09-24,Net 30,10423.84
10761,Coastal Manufacturing,Pallet Wrap,PrimeSource Materials,Virginia,418,235,361.88,11,3.3,0.83,2026-09-13,2026-09-25,2026-09-25,Net 30,151265.84
10762,SunCoast Retail,Packaging Tape,BlueLine Distribution,Florida,172,146,455.23,9,3.6,0.88,2026-09-03,2026-09-09,2026-09-10,Net 45,78299.56
10763,Atlantic Distribution,Office Workstations,PrimeSource Materials,North Carolina,339,346,348.46,9,3.9,0.83,2026-09-18,2026-09-22,2026-09-22,Net 45,118127.94
10764,Atlantic Distribution,Laser Printers,Atlantic Warehouse Solutions,Georgia,364,413,76.64,20,4.3,0.85,2026-09-02,2026-09-06,2026-09-12,,27896.96
10765,Coastal Manufacturing,Office Workstations,Atlantic Warehouse Solutions,Texas,354,173,314.09,10,4.2,0.83,2026-09-19,2026-10-03,2026-10-01,Net 30,111187.86
10766,SunCoast Retail,Shipping Cartons,NorthStar Industrial Supply,Florida,418,557,31.58,18,4.9,0.84,2026-09-19,2026-10-01,2026-10-04,Net 45,13200.44
10767,Metro Office Supply,USB Docking Stations,NorthStar Industrial Supply,Texas,327,493,379.04,17,5.0,0.84,2026-09-25,2026-10-03,2026-10-08,Net 45,123946.08
10768,Palm Business Solutions,Thermal Printers,PrimeSource Materials,North Carolina,45,454,445.73,19,4.3,0.82,2026-09-11,2026-09-22,2026-09-25,Net 60,20057.85
10769,Evergreen Distribution,Steel Storage Shelving,Southeast Supply Co.,Texas,237,315,183.58,7,3.5,0.97,2026-09-06,2026-09-10,2026-09-11,,43508.46
10770,SunCoast Retail,Office Workstations,PrimeSource Materials,North Carolina,479,352,356.01,15,4.4,0.97,2026-09-20,2026-10-03,2026-10-06,Net 30,170528.79
10771,Metro Office Supply,USB Docking Stations,BlueLine Distribution,North Carolina,470,306,285.56,8,3.8,0.94,2026-09-18,2026-10-01,2026-10-06,Net 60,134213.2
10772,Palm Business Solutions,Laser Printers,Atlantic Warehouse Solutions,Virginia,491,365,484.36,9,4.3,0.92,2026-09-04,2026-09-07,2026-09-09,Net 30,237820.76
10773,Southeast Wholesale,Laser Printers,NorthStar Industrial Supply,Georgia,128,547,194.48,9,4.2,0.85,2026-09-06,2026-09-17,2026-09-15,Net 45,24893.44
10774,Southeast Wholesale,Shipping Cartons,Atlantic Warehouse Solutions,Florida,266,366,294.5,16,3.7,0.81,2026-09-24,2026-10-07,2026-10-14,Net 45,78337.0
10775,Atlantic Distribution,Ergonomic Office Chairs,Metro Logistics Supply,Virginia,436,134,398.37,3,4.9,0.98,2026-09-22,2026-10-01,2026-10-01,Net 60,173689.32
10776,Metro Office Supply,Laser Printers,Atlantic Warehouse Solutions,North Carolina,104,366,50.91,4,3.1,0.78,2026-09-01,2026-09-04,2026-09-04,,5294.64
10777,Southeast Wholesale,Barcode Label Rolls,Metro Logistics Supply,North Carolina,84,506,374.1,12,4.7,0.93,2026-09-12,2026-09-19,2026-09-24,,31424.4
10778,Southeast Wholesale,Thermal Printers,BlueLine Distribution,Texas,11,536,240.87,18,3.1,0.75,2026-09-25,2026-10-04,2026-10-07,Net 30,2649.57
10779,Coastal Manufacturing,Laser Printers,Southeast Supply Co.,Florida,204,436,140.61,17,3.8,0.76,2026-09-30,2026-10-09,2026-10-07,Net 45,28684.44
10780,Coastal Manufacturing,Thermal Printers,Southeast Supply Co.,Virginia,405,215,254.28,13,4.0,0.89,2026-09-04,2026-09-07,2026-09-07,Net 45,102983.4
10781,Coastal Manufacturing,Laser Printers,Metro Logistics Supply,Florida,305,152,124.71,11,3.3,0.9,2026-09-04,2026-09-09,2026-09-08,Net 60,38036.55
10782,Coastal Manufacturing,Barcode Label Rolls,BlueLine Distribution,Virginia,65,402,118.76,10,3.5,0.98,2026-09-03,2026-09-17,2026-09-24,Net 45,7719.4
10783,Metro Office Supply,Barcode Label Rolls,PrimeSource Materials,Texas,247,189,490.34,8,3.7,0.85,2026-09-07,2026-09-10,2026-09-09,Net 45,121113.98
10784,Evergreen Distribution,Barcode Label Rolls,Atlantic Warehouse Solutions,Florida,472,358,218.15,10,3.0,0.82,2026-09-06,2026-09-10,2026-09-08,Net 45,102966.8
10785,Evergreen Distribution,Steel Storage Shelving,Atlantic Warehouse Solutions,North Carolina,265,569,227.83,3,4.3,0.8,2026-09-22,2026-10-02,2026-10-03,Net 45,60374.95
10786,Evergreen Distribution,Shipping Cartons,PrimeSource Materials,Texas,409,152,496.9,10,4.9,0.94,2026-09-04,2026-09-10,2026-09-16,Net 60,203232.1
10787,SunCoast Retail,USB Docking Stations,Atlantic Warehouse Solutions,North Carolina,368,458,379.2,6,3.4,0.83,2026-09-09,2026-09-16,2026-09-18,Net 45,139545.6
10788,Evergreen Distribution,Thermal Printers,PrimeSource Materials,North Carolina,456,412,150.16,14,3.7,0.81,2026-09-15,2026-09-27,2026-09-25,Net 30,68472.96
10789,Metro Office Supply,Ergonomic Office Chairs,Metro Logistics Supply,Texas,427,56,153.5,9,4.3,0.89,2026-09-02,2026-09-06,2026-09-07,Net 30,65544.5
10790,Coastal Manufacturing,Laser Printers,Southeast Supply Co.,Texas,354,413,277.39,16,4.8,0.84,2026-09-25,2026-10-03,2026-10-07,Net 30,98196.06
10791,Palm Business Solutions,Barcode Label Rolls,Metro Logistics Supply,Georgia,325,23,478.88,13,3.6,0.99,2026-09-27,2026-10-10,2026-10-11,Net 45,155636.0
10792,Evergreen Distribution,USB Docking Stations,PrimeSource Materials,Georgia,487,281,341.15,19,3.8,0.82,2026-09-04,2026-09-12,2026-09-16,Net 30,166140.05
10793,SunCoast Retail,Warehouse Scanners,BlueLine Distribution,North Carolina,403,110,225.46,9,4.5,0.77,2026-09-22,2026-10-04,2026-10-10,Net 60,90860.38
10794,Metro Office Supply,Steel Storage Shelving,PrimeSource Materials,North Carolina,182,442,310.42,6,4.5,0.99,2026-09-17,2026-09-30,2026-10-03,Net 60,56496.44
10795,Palm Business Solutions,Steel Storage Shelving,PrimeSource Materials,Virginia,433,573,116.71,5,4.2,0.86,2026-09-05,2026-09-10,2026-09-13,Net 60,50535.43
10796,Coastal Manufacturing,Industrial Safety Gloves,NorthStar Industrial Supply,Texas,176,436,118.48,11,3.0,0.87,2026-09-17,2026-09-23,2026-09-26,Net 60,20852.48
10797,Palm Business Solutions,Shipping Cartons,Atlantic Warehouse Solutions,Georgia,78,23,79.86,18,4.8,0.83,2026-09-30,2026-10-08,2026-10-08,Net 45,6229.08
10798,Palm Business Solutions,Pallet Wrap,PrimeSource Materials,Georgia,121,59,216.33,20,3.6,0.79,2026-09-08,2026-09-17,2026-09-21,Net 45,26175.93
10799,Metro Office Supply,Warehouse Scanners,Metro Logistics Supply,Texas,42,305,403.09,8,3.3,0.96,2026-09-29,2026-10-05,2026-10-10,Net 45,16929.78
10800,Metro Office Supply,Steel Storage Shelving,PrimeSource Materials,Georgia,440,23,491.55,18,3.8,0.88,2026-09-19,2026-09-22,2026-09-20,Net 30,216282.0
10801,Southeast Wholesale,Pallet Wrap,Southeast Supply Co.,Texas,489,476,337.9,20,4.6,0.77,2026-09-19,2026-10-02,2026-10-06,Net 60,165233.1
10802,Metro Office Supply,Laser Printers,BlueLine Distribution,Florida,133,144,119.12,5,3.3,0.91,2026-09-16,2026-09-27,2026-09-26,Net 30,15842.96
10803,Metro Office Supply,Shipping Cartons,Atlantic Warehouse Solutions,Florida,393,593,168.92,4,3.4,0.84,2026-09-07,2026-09-19,2026-09-23,Net 60,66385.56
10804,Metro Office Supply,Laser Printers,Southeast Supply Co.,North Carolina,413,299,427.09,20,3.6,0.92,2026-09-18,2026-09-29,2026-10-05,Net 45,176388.17
10805,Coastal Manufacturing,Office Workstations,NorthStar Industrial Supply,Virginia,13,134,398.71,20,4.1,0.87,2026-09-19,2026-09-25,2026-10-01,Net 45,5183.23
10806,Southeast Wholesale,Office Workstations,Southeast Supply Co.,Florida,164,280,456.32,19,3.1,0.96,2026-09-22,2026-09-30,2026-10-06,Net 45,74836.48
10807,Atlantic Distribution,Shipping Cartons,Metro Logistics Supply,Texas,85,51,177.18,8,4.8,0.84,2026-09-19,2026-09-25,2026-10-01,,15060.3
10808,Atlantic Distribution,Pallet Wrap,Atlantic Warehouse Solutions,Georgia,424,431,384.5,4,4.3,0.9,2026-09-12,2026-09-20,2026-09-25,Net 60,163028.0
10809,Atlantic Distribution,Industrial Safety Gloves,Metro Logistics Supply,Florida,387,96,467.93,6,4.6,0.78,2026-09-28,2026-10-04,2026-10-07,Net 30,181088.91
10810,Metro Office Supply,Shipping Cartons,BlueLine Distribution,Georgia,73,500,93.61,12,5.0,0.91,2026-09-20,2026-09-23,2026-09-21,,6833.53
10811,Palm Business Solutions,Pallet Wrap,BlueLine Distribution,Texas,378,402,442.55,19,4.1,0.86,2026-09-15,2026-09-18,2026-09-16,Net 60,167283.9
10812,SunCoast Retail,Ergonomic Office Chairs,BlueLine Distribution,Georgia,123,244,158.02,5,4.2,0.82,2026-09-13,2026-09-23,2026-09-22,Net 60,19436.46
10813,Coastal Manufacturing,Industrial Safety Gloves,NorthStar Industrial Supply,Texas,336,209,47.55,16,3.8,0.97,2026-09-02,2026-09-14,2026-09-19,Net 30,15976.8
10814,Coastal Manufacturing,Steel Storage Shelving,PrimeSource Materials,Texas,79,180,227.52,13,4.8,0.84,2026-09-07,2026-09-13,2026-09-17,Net 45,17974.08
10815,Coastal Manufacturing,Laser Printers,BlueLine Distribution,North Carolina,484,303,87.77,15,4.1,0.82,2026-09-28,2026-10-08,2026-10-14,Net 30,42480.68
10816,Metro Office Supply,Pallet Wrap,Metro Logistics Supply,Texas,18,217,251.45,13,3.3,0.76,2026-09-08,2026-09-18,2026-09-17,,4526.1
10817,Southeast Wholesale,Office Workstations,NorthStar Industrial Supply,Texas,446,242,361.5,7,3.6,0.91,2026-09-05,2026-09-14,2026-09-16,Net 60,161229.0
10818,Coastal Manufacturing,Office Workstations,PrimeSource Materials,Virginia,216,126,68.45,20,4.6,0.97,2026-09-06,2026-09-19,2026-09-26,Net 30,14785.2
10819,Evergreen Distribution,Industrial Safety Gloves,Atlantic Warehouse Solutions,Texas,44,497,285.47,14,3.2,0.98,2026-09-05,2026-09-13,2026-09-15,Net 45,12560.68
10820,Metro Office Supply,Thermal Printers,Southeast Supply Co.,Georgia,318,568,54.78,12,4.6,0.88,2026-09-04,2026-09-16,2026-09-15,Net 30,17420.04
10821,SunCoast Retail,Warehouse Scanners,Atlantic Warehouse Solutions,Georgia,108,28,127.64,7,4.7,0.97,2026-09-23,2026-10-01,2026-10-02,Net 30,13785.12
10822,Coastal Manufacturing,Packaging Tape,BlueLine Distribution,North Carolina,468,331,146.02,6,4.0,0.88,2026-09-10,2026-09-22,2026-09-20,,68337.36
10823,Southeast Wholesale,Office Workstations,Atlantic Warehouse Solutions,Texas,265,142,388.37,8,3.2,0.89,2026-09-23,2026-10-03,2026-10-07,Net 60,102918.05
10824,SunCoast Retail,Warehouse Scanners,NorthStar Industrial Supply,Virginia,356,287,70.85,5,3.4,0.82,2026-09-04,2026-09-15,2026-09-17,Net 60,25222.6
10825,SunCoast Retail,Warehouse Scanners,Metro Logistics Supply,Virginia,274,113,309.7,20,4.7,0.91,2026-09-28,2026-10-09,2026-10-14,Net 30,84857.8
10826,Atlantic Distribution,USB Docking Stations,PrimeSource Materials,Texas,498,71,194.93,4,4.8,0.96,2026-09-07,2026-09-18,2026-09-24,Net 60,97075.14
10827,SunCoast Retail,Office Workstations,Metro Logistics Supply,Florida,371,399,330.07,9,3.9,0.87,2026-09-12,2026-09-21,2026-09-21,Net 30,122455.97
10828,Gulf Coast Logistics,Barcode Label Rolls,NorthStar Industrial Supply,North Carolina,369,574,280.78,12,4.6,0.78,2026-09-22,2026-09-29,2026-10-03,Net 45,103607.82
10829,Southeast Wholesale,Shipping Cartons,Metro Logistics Supply,Florida,299,545,477.57,9,3.4,0.79,2026-09-01,2026-09-15,2026-09-20,Net 45,142793.43
10830,SunCoast Retail,Pallet Wrap,Atlantic Warehouse Solutions,Virginia,188,225,243.91,9,4.0,0.87,2026-09-12,2026-09-20,2026-09-20,Net 45,45855.08
10831,Coastal Manufacturing,Pallet Wrap,Southeast Supply Co.,Texas,138,551,286.31,6,3.6,0.94,2026-09-24,2026-10-01,2026-10-01,Net 30,39510.78
10832,SunCoast Retail,Warehouse Scanners,NorthStar Industrial Supply,Florida,101,569,499.99,7,3.2,0.97,2026-09-23,2026-10-04,2026-10-09,Net 30,50498.99
10833,Southeast Wholesale,Office Workstations,Southeast Supply Co.,North Carolina,240,33,263.23,13,3.4,0.86,2026-09-22,2026-10-06,2026-10-09,Net 60,63175.2
10834,Coastal Manufacturing,Pallet Wrap,Metro Logistics Supply,Virginia,377,380,302.23,5,4.1,0.76,2026-09-19,2026-09-30,2026-10-04,Net 60,113940.71
10835,Southeast Wholesale,Ergonomic Office Chairs,NorthStar Industrial Supply,Virginia,238,410,197.27,14,3.1,0.83,2026-09-01,2026-09-04,2026-09-06,Net 30,46950.26
10836,SunCoast Retail,Barcode Label Rolls,NorthStar Industrial Supply,Georgia,290,472,391.36,15,3.3,0.78,2026-09-12,2026-09-24,2026-09-22,Net 45,113494.4
10837,Atlantic Distribution,Office Workstations,BlueLine Distribution,Georgia,368,577,266.06,9,3.3,0.81,2026-09-25,2026-10-03,2026-10-10,Net 45,97910.08
10838,Palm Business Solutions,Shipping Cartons,BlueLine Distribution,Virginia,244,339,170.04,11,3.1,0.78,2026-09-16,2026-09-27,2026-09-25,Net 60,41489.76
10839,Palm Business Solutions,Thermal Printers,Metro Logistics Supply,Georgia,319,148,349.46,18,3.6,0.83,2026-09-28,2026-10-08,2026-10-14,Net 60,111477.74
10840,Coastal Manufacturing,USB Docking Stations,NorthStar Industrial Supply,Georgia,70,89,234.0,4,4.8,0.76,2026-09-09,2026-09-19,2026-09-23,,16380.0
10841,Coastal Manufacturing,Pallet Wrap,NorthStar Industrial Supply,North Carolina,74,570,60.94,6,3.0,0.99,2026-09-11,2026-09-20,2026-09-27,Net 30,4509.56
10842,Atlantic Distribution,Office Workstations,Metro Logistics Supply,Georgia,79,169,427.29,13,4.6,0.88,2026-09-05,2026-09-19,2026-09-20,Net 30,33755.91
10843,Coastal Manufacturing,Packaging Tape,Metro Logistics Supply,North Carolina,168,274,201.29,14,4.6,0.94,2026-09-28,2026-10-03,2026-10-07,Net 60,33816.72
10844,Metro Office Supply,Packaging Tape,Southeast Supply Co.,North Carolina,261,254,310.0,3,5.0,0.87,2026-09-30,2026-10-08,2026-10-11,Net 60,80910.0
10845,Coastal Manufacturing,Industrial Safety Gloves,Metro Logistics Supply,North Carolina,78,57,178.25,17,4.5,0.93,2026-09-27,2026-10-01,2026-10-05,Net 45,13903.5
10846,Gulf Coast Logistics,Barcode Label Rolls,Atlantic Warehouse Solutions,Virginia,176,190,350.3,6,4.7,0.83,2026-09-22,2026-09-28,2026-10-03,Net 30,61652.8
10847,SunCoast Retail,Office Workstations,Atlantic Warehouse Solutions,Texas,177,52,475.16,12,3.1,0.95,2026-09-28,2026-10-06,2026-10-09,Net 60,84103.32
10848,Coastal Manufacturing,Laser Printers,Southeast Supply Co.,Texas,186,87,26.22,15,4.9,0.89,2026-09-15,2026-09-23,2026-09-24,Net 30,4876.92
10849,Coastal Manufacturing,Office Workstations,NorthStar Industrial Supply,Georgia,308,428,354.76,4,3.1,0.84,2026-09-08,2026-09-22,2026-09-23,Net 60,109266.08
10850,Evergreen Distribution,Office Workstations,Atlantic Warehouse Solutions,Georgia,216,326,44.29,11,4.5,0.94,2026-09-07,2026-09-21,2026-09-26,Net 30,9566.64
10851,Southeast Wholesale,Warehouse Scanners,Metro Logistics Supply,Texas,91,595,335.68,15,3.3,0.86,2026-09-29,2026-10-11,2026-10-16,Net 45,30546.88
10852,Palm Business Solutions,Warehouse Scanners,Southeast Supply Co.,Texas,270,595,107.59,17,3.8,0.86,2026-09-29,2026-10-02,2026-10-05,Net 30,29049.3
10853,Coastal Manufacturing,Thermal Printers,BlueLine Distribution,Virginia,264,584,498.54,14,3.9,0.95,2026-09-21,2026-10-03,2026-10-01,Net 60,131614.56
10854,Gulf Coast Logistics,Office Workstations,PrimeSource Materials,North Carolina,335,236,200.1,3,3.8,0.85,2026-09-01,2026-09-15,2026-09-15,Net 30,67033.5
10855,Southeast Wholesale,Barcode Label Rolls,BlueLine Distribution,Georgia,338,501,77.91,7,3.3,0.88,2026-09-18,2026-10-02,2026-10-05,Net 45,26333.58
10856,Gulf Coast Logistics,Industrial Safety Gloves,Metro Logistics Supply,Texas,105,124,244.93,13,4.3,0.85,2026-09-12,2026-09-19,2026-09-24,Net 45,25717.65
10857,SunCoast Retail,Barcode Label Rolls,BlueLine Distribution,Georgia,382,46,281.46,7,4.5,0.86,2026-09-25,2026-10-03,2026-10-02,Net 60,107517.72
10858,Atlantic Distribution,Barcode Label Rolls,Southeast Supply Co.,Georgia,400,516,211.76,19,3.5,0.89,2026-09-04,2026-09-11,2026-09-10,Net 45,84704.0
10859,Gulf Coast Logistics,USB Docking Stations,NorthStar Industrial Supply,Georgia,313,159,416.08,12,4.5,0.86,2026-09-12,2026-09-18,2026-09-16,Net 45,130233.04
10860,Southeast Wholesale,Thermal Printers,Metro Logistics Supply,Texas,299,493,457.65,6,4.2,0.88,2026-09-24,2026-10-07,2026-10-11,Net 30,136837.35
10861,Evergreen Distribution,Thermal Printers,PrimeSource Materials,Virginia,399,174,453.84,13,3.8,0.97,2026-09-26,2026-10-06,2026-10-05,Net 30,181082.16
10862,Metro Office Supply,Barcode Label Rolls,PrimeSource Materials,Texas,421,223,472.48,16,3.6,0.9,2026-09-08,2026-09-14,2026-09-12,Net 60,198914.08
10863,Gulf Coast Logistics,Steel Storage Shelving,BlueLine Distribution,Virginia,471,421,49.8,7,3.2,0.98,2026-09-03,2026-09-09,2026-09-13,Net 45,23455.8
10864,SunCoast Retail,Warehouse Scanners,PrimeSource Materials,Virginia,335,136,360.67,4,3.6,0.87,2026-09-23,2026-10-06,2026-10-06,Net 45,120824.45
10865,Coastal Manufacturing,USB Docking Stations,PrimeSource Materials,North Carolina,459,511,281.78,20,4.4,0.87,2026-09-08,2026-09-21,2026-09-20,Net 45,129337.02
10866,Palm Business Solutions,USB Docking Stations,NorthStar Industrial Supply,North Carolina,37,161,441.1,3,3.5,0.8,2026-09-12,2026-09-22,2026-09-28,Net 45,16320.7
10867,Gulf Coast Logistics,Office Workstations,NorthStar Industrial Supply,Georgia,376,417,395.99,15,4.9,0.76,2026-09-11,2026-09-23,2026-09-22,Net 45,148892.24
10868,Palm Business Solutions,Office Workstations,Southeast Supply Co.,Georgia,405,341,176.23,3,4.3,0.98,2026-09-17,2026-09-28,2026-09-30,Net 45,71373.15
10869,Southeast Wholesale,Packaging Tape,Atlantic Warehouse Solutions,Georgia,221,166,494.24,13,4.6,0.79,2026-09-07,2026-09-14,2026-09-20,Net 30,109227.04
10870,Coastal Manufacturing,Steel Storage Shelving,PrimeSource Materials,North Carolina,186,72,354.26,9,3.7,0.81,2026-09-19,2026-09-25,2026-09-30,Net 60,65892.36
10871,Metro Office Supply,Barcode Label Rolls,Atlantic Warehouse Solutions,Virginia,206,175,58.19,11,3.2,0.82,2026-09-18,2026-09-22,2026-09-25,Net 30,11987.14
10872,SunCoast Retail,Warehouse Scanners,NorthStar Industrial Supply,North Carolina,135,337,423.89,6,4.0,0.81,2026-09-18,2026-09-30,2026-10-05,Net 30,57225.15
10873,SunCoast Retail,Barcode Label Rolls,Metro Logistics Supply,Virginia,32,449,316.11,18,3.3,0.87,2026-09-02,2026-09-06,2026-09-11,Net 45,10115.52
10874,Atlantic Distribution,Barcode Label Rolls,Atlantic Warehouse Solutions,Florida,422,361,354.75,18,3.1,0.81,2026-09-02,2026-09-15,2026-09-13,Net 45,149704.5
10875,Atlantic Distribution,Laser Printers,NorthStar Industrial Supply,North Carolina,34,470,486.0,12,3.5,0.76,2026-09-29,2026-10-03,2026-10-04,Net 60,16524.0
10876,Atlantic Distribution,Steel Storage Shelving,Southeast Supply Co.,Georgia,398,192,129.19,7,4.3,0.88,2026-09-22,2026-09-30,2026-10-07,Net 30,51417.62
10877,SunCoast Retail,Office Workstations,Atlantic Warehouse Solutions,Georgia,394,400,302.44,6,4.9,0.82,2026-09-03,2026-09-10,2026-09-11,Net 45,119161.36
10878,Coastal Manufacturing,Ergonomic Office Chairs,PrimeSource Materials,North Carolina,255,573,114.11,9,4.7,0.87,2026-09-19,2026-09-23,2026-09-24,,29098.05
10879,SunCoast Retail,Steel Storage Shelving,Metro Logistics Supply,Texas,222,526,452.73,17,4.8,0.76,2026-09-30,2026-10-12,2026-10-19,Net 45,100506.06
10880,Palm Business Solutions,Thermal Printers,Metro Logistics Supply,Georgia,428,491,298.56,4,3.4,0.79,2026-09-26,2026-10-07,2026-10-09,Net 30,127783.68
10881,Palm Business Solutions,Shipping Cartons,Metro Logistics Supply,Georgia,45,343,58.25,17,4.2,0.82,2026-09-06,2026-09-10,2026-09-10,Net 30,2621.25
10882,SunCoast Retail,Industrial Safety Gloves,NorthStar Industrial Supply,North Carolina,486,117,197.29,4,4.0,0.89,2026-09-21,2026-09-25,2026-09-25,,95882.94
10883,Gulf Coast Logistics,Industrial Safety Gloves,Atlantic Warehouse Solutions,Georgia,229,544,336.26,15,4.8,0.76,2026-09-19,2026-09-29,2026-10-05,Net 45,77003.54
10884,Metro Office Supply,Pallet Wrap,PrimeSource Materials,Georgia,215,80,472.01,15,3.5,0.92,2026-09-05,2026-09-18,2026-09-23,Net 30,101482.15
10885,Evergreen Distribution,Steel Storage Shelving,Metro Logistics Supply,Texas,292,512,66.46,10,4.3,0.79,2026-09-02,2026-09-10,2026-09-13,Net 30,19406.32
10886,Evergreen Distribution,Shipping Cartons,Metro Logistics Supply,Virginia,409,506,480.22,10,3.9,0.85,2026-09-28,2026-10-02,2026-10-08,,196409.98
10887,Coastal Manufacturing,Pallet Wrap,Southeast Supply Co.,North Carolina,380,137,473.85,14,4.3,0.96,2026-09-29,2026-10-04,2026-10-07,,180063.0
10888,Atlantic Distribution,Barcode Label Rolls,PrimeSource Materials,Virginia,266,52,186.08,9,4.0,0.81,2026-09-05,2026-09-15,2026-09-22,Net 45,49497.28
10889,Coastal Manufacturing,Industrial Safety Gloves,Atlantic Warehouse Solutions,Georgia,206,35,393.44,3,4.1,0.95,2026-09-22,2026-09-29,2026-10-05,Net 45,81048.64
10890,Coastal Manufacturing,Barcode Label Rolls,Southeast Supply Co.,North Carolina,52,412,196.68,7,3.5,0.93,2026-09-01,2026-09-06,2026-09-11,Net 30,10227.36
10891,Palm Business Solutions,Thermal Printers,Southeast Supply Co.,Florida,294,172,475.02,4,3.5,0.87,2026-09-13,2026-09-24,2026-09-25,Net 60,139655.88
10892,Coastal Manufacturing,Barcode Label Rolls,Atlantic Warehouse Solutions,Texas,18,362,198.3,5,3.6,0.75,2026-09-17,2026-09-28,2026-10-04,Net 45,3569.4
10893,Gulf Coast Logistics,Industrial Safety Gloves,Atlantic Warehouse Solutions,Florida,114,505,105.91,3,4.7,0.86,2026-09-13,2026-09-21,2026-09-28,Net 30,12073.74
10894,Palm Business Solutions,Office Workstations,BlueLine Distribution,Virginia,155,338,353.79,19,4.5,0.97,2026-09-12,2026-09-24,2026-09-29,,54837.45
10895,Southeast Wholesale,Industrial Safety Gloves,NorthStar Industrial Supply,Texas,203,196,362.07,13,4.3,0.81,2026-09-27,2026-10-02,2026-10-05,Net 60,73500.21
10896,Coastal Manufacturing,Warehouse Scanners,PrimeSource Materials,Florida,27,93,221.15,18,5.0,0.85,2026-09-04,2026-09-09,2026-09-12,Net 30,5971.05
10897,Gulf Coast Logistics,Pallet Wrap,Metro Logistics Supply,Virginia,57,303,29.19,17,5.0,0.99,2026-09-08,2026-09-18,2026-09-18,Net 45,1663.83
10898,Atlantic Distribution,Barcode Label Rolls,Southeast Supply Co.,Texas,389,93,413.86,19,3.3,0.86,2026-09-29,2026-10-04,2026-10-03,Net 30,160991.54
10899,Atlantic Distribution,Office Workstations,NorthStar Industrial Supply,Georgia,438,594,46.19,3,3.2,0.88,2026-09-26,2026-10-03,2026-10-05,,20231.22
10900,SunCoast Retail,Ergonomic Office Chairs,Metro Logistics Supply,Florida,232,454,369.72,7,3.1,0.81,2026-09-21,2026-10-05,2026-10-11,Net 45,85775.04
10901,Southeast Wholesale,Pallet Wrap,Southeast Supply Co.,Georgia,329,170,474.61,5,3.3,0.98,2026-09-22,2026-09-27,2026-09-30,Net 30,156146.69
10902,Gulf Coast Logistics,Shipping Cartons,PrimeSource Materials,North Carolina,191,238,299.9,19,3.4,0.98,2026-09-22,2026-09-25,2026-09-26,Net 45,57280.9
10903,Palm Business Solutions,Ergonomic Office Chairs,BlueLine Distribution,North Carolina,487,275,333.63,19,4.6,0.95,2026-09-28,2026-10-10,2026-10-10,Net 45,162477.81
10904,Southeast Wholesale,Barcode Label Rolls,NorthStar Industrial Supply,Florida,224,466,178.65,5,3.5,0.82,2026-09-09,2026-09-20,2026-09-21,Net 45,40017.6
10905,Southeast Wholesale,Packaging Tape,Atlantic Warehouse Solutions,Georgia,491,139,417.52,19,4.0,0.87,2026-09-03,2026-09-14,2026-09-17,Net 60,205002.32
10906,Southeast Wholesale,Shipping Cartons,BlueLine Distribution,Virginia,133,525,127.0,16,3.7,0.84,2026-09-08,2026-09-17,2026-09-20,Net 30,16891.0
10907,SunCoast Retail,Barcode Label Rolls,Atlantic Warehouse Solutions,Georgia,208,409,351.86,12,3.4,0.84,2026-09-30,2026-10-13,2026-10-20,Net 45,73186.88
10908,Southeast Wholesale,Shipping Cartons,BlueLine Distribution,Texas,104,63,449.35,15,4.1,0.88,2026-09-19,2026-09-25,2026-09-26,Net 30,46732.4
10909,Evergreen Distribution,Laser Printers,Atlantic Warehouse Solutions,Texas,119,39,214.57,5,3.7,0.85,2026-09-28,2026-10-06,2026-10-10,Net 60,25533.83
10910,Palm Business Solutions,Shipping Cartons,Atlantic Warehouse Solutions,Virginia,32,86,464.18,18,4.0,0.9,2026-09-28,2026-10-10,2026-10-10,Net 45,14853.76
10911,SunCoast Retail,Laser Printers,BlueLine Distribution,Florida,84,588,148.09,15,3.6,0.84,2026-09-18,2026-09-29,2026-09-30,Net 30,12439.56
10912,Palm Business Solutions,USB Docking Stations,BlueLine Distribution,Virginia,357,268,487.33,16,4.2,0.81,2026-09-21,2026-09-24,2026-09-22,Net 60,173976.81
10913,Southeast Wholesale,Steel Storage Shelving,NorthStar Industrial Supply,Texas,397,490,172.53,20,3.7,0.97,2026-09-24,2026-09-29,2026-09-29,Net 30,68494.41
10914,Palm Business Solutions,Ergonomic Office Chairs,NorthStar Industrial Supply,Florida,20,570,336.39,5,3.4,0.97,2026-09-07,2026-09-13,2026-09-17,Net 60,6727.8
10915,Atlantic Distribution,Industrial Safety Gloves,Atlantic Warehouse Solutions,Virginia,167,321,342.5,16,3.1,0.98,2026-09-12,2026-09-17,2026-09-24,Net 45,57197.5
10916,Coastal Manufacturing,Industrial Safety Gloves,PrimeSource Materials,Florida,246,109,59.73,11,3.1,0.84,2026-09-12,2026-09-16,2026-09-15,Net 60,14693.58
10917,Evergreen Distribution,Packaging Tape,NorthStar Industrial Supply,North Carolina,378,136,389.25,13,4.5,0.89,2026-09-08,2026-09-17,2026-09-18,Net 30,147136.5
10918,Evergreen Distribution,Ergonomic Office Chairs,PrimeSource Materials,Virginia,464,406,483.16,13,3.4,0.93,2026-09-29,2026-10-11,2026-10-12,Net 45,224186.24
10919,SunCoast Retail,Pallet Wrap,BlueLine Distribution,Virginia,360,441,151.78,14,3.8,0.93,2026-09-12,2026-09-24,2026-10-01,Net 30,54640.8
10920,Gulf Coast Logistics,Thermal Printers,NorthStar Industrial Supply,Texas,224,248,264.49,13,3.3,0.85,2026-09-04,2026-09-11,2026-09-18,Net 30,59245.76
10921,SunCoast Retail,Office Workstations,Atlantic Warehouse Solutions,North Carolina,473,570,243.08,16,4.4,0.85,2026-09-01,2026-09-14,2026-09-18,Net 30,114976.84
10922,Atlantic Distribution,Laser Printers,NorthStar Industrial Supply,Georgia,496,428,211.73,19,3.9,0.93,2026-09-07,2026-09-19,2026-09-18,Net 45,105018.08
10923,Palm Business Solutions,Warehouse Scanners,Southeast Supply Co.,Georgia,59,582,449.99,8,3.1,0.82,2026-09-10,2026-09-24,2026-09-24,Net 45,26549.41
10924,Coastal Manufacturing,Pallet Wrap,NorthStar Industrial Supply,Virginia,374,197,228.58,20,4.1,0.77,2026-09-02,2026-09-14,2026-09-21,Net 60,85488.92
10925,SunCoast Retail,Ergonomic Office Chairs,Atlantic Warehouse Solutions,North Carolina,16,349,405.64,16,3.4,0.9,2026-09-15,2026-09-29,2026-09-27,Net 45,6490.24
10926,SunCoast Retail,Shipping Cartons,BlueLine Distribution,North Carolina,156,500,77.02,4,4.5,0.79,2026-09-13,2026-09-18,2026-09-21,Net 45,12015.12
10927,Metro Office Supply,Laser Printers,Southeast Supply Co.,Virginia,113,316,322.82,16,3.0,0.76,2026-09-05,2026-09-16,2026-09-23,Net 60,36478.66
10928,Evergreen Distribution,Office Workstations,Metro Logistics Supply,Florida,266,324,403.16,5,3.2,0.96,2026-09-21,2026-09-24,2026-09-23,Net 30,107240.56
10929,Coastal Manufacturing,Office Workstations,PrimeSource Materials,Texas,220,236,287.99,19,3.2,0.93,2026-09-30,2026-10-09,2026-10-10,Net 30,63357.8
10930,Gulf Coast Logistics,Barcode Label Rolls,PrimeSource Materials,Texas,143,139,217.5,7,4.2,0.92,2026-09-20,2026-09-25,2026-10-01,Net 45,31102.5
10931,Gulf Coast Logistics,Pallet Wrap,Southeast Supply Co.,Texas,72,348,76.45,18,3.3,0.84,2026-09-10,2026-09-14,2026-09-21,Net 45,5504.4
10932,Gulf Coast Logistics,Thermal Printers,Southeast Supply Co.,Texas,49,408,231.6,9,4.4,0.76,2026-09-14,2026-09-17,2026-09-20,Net 45,11348.4
10933,Evergreen Distribution,Office Workstations,Atlantic Warehouse Solutions,Virginia,443,481,264.3,14,4.2,0.95,2026-09-06,2026-09-17,2026-09-24,Net 60,117084.9
10934,SunCoast Retail,Barcode Label Rolls,BlueLine Distribution,North Carolina,433,530,348.48,20,4.0,0.9,2026-09-21,2026-10-01,2026-10-01,Net 30,150891.84
10935,Evergreen Distribution,Barcode Label Rolls,Southeast Supply Co.,Virginia,463,516,183.61,4,3.6,0.95,2026-09-03,2026-09-12,2026-09-16,,85011.43
10936,Metro Office Supply,Steel Storage Shelving,BlueLine Distribution,Texas,267,478,136.15,13,4.2,0.75,2026-09-29,2026-10-04,2026-10-02,Net 60,36352.05
10937,Palm Business Solutions,Warehouse Scanners,Atlantic Warehouse Solutions,North Carolina,328,474,224.72,10,4.9,0.79,2026-09-24,2026-10-05,2026-10-10,Net 30,73708.16
10938,Metro Office Supply,Industrial Safety Gloves,PrimeSource Materials,Texas,461,520,35.48,5,4.4,0.78,2026-09-14,2026-09-20,2026-09-25,,16356.28
10939,Atlantic Distribution,Packaging Tape,Atlantic Warehouse Solutions,Florida,141,584,118.98,12,4.9,0.96,2026-09-03,2026-09-12,2026-09-16,Net 45,16776.18
10940,Coastal Manufacturing,Industrial Safety Gloves,PrimeSource Materials,North Carolina,281,401,425.75,7,4.0,0.84,2026-09-20,2026-09-23,2026-09-26,Net 45,119635.75
10941,Metro Office Supply,Ergonomic Office Chairs,BlueLine Distribution,Texas,122,485,222.84,17,3.6,0.81,2026-09-01,2026-09-10,2026-09-15,Net 45,27186.48
10942,Metro Office Supply,Industrial Safety Gloves,Metro Logistics Supply,Virginia,61,31,107.77,13,4.1,0.94,2026-09-25,2026-10-06,2026-10-12,,6573.97
10943,Atlantic Distribution,Ergonomic Office Chairs,BlueLine Distribution,North Carolina,66,431,123.34,12,3.8,0.96,2026-09-28,2026-10-11,2026-10-15,Net 45,8140.44
10944,SunCoast Retail,Industrial Safety Gloves,NorthStar Industrial Supply,Virginia,34,342,27.89,19,4.6,0.79,2026-09-01,2026-09-14,2026-09-17,Net 45,948.26
10945,Metro Office Supply,Pallet Wrap,BlueLine Distribution,Texas,304,159,474.5,12,3.6,0.88,2026-09-26,2026-10-08,2026-10-11,,144248.0
10946,Gulf Coast Logistics,Thermal Printers,NorthStar Industrial Supply,Texas,314,558,102.34,20,3.2,0.9,2026-09-17,2026-09-22,2026-09-23,,32134.76
10947,Gulf Coast Logistics,Warehouse Scanners,PrimeSource Materials,Florida,35,503,414.91,7,4.5,0.81,2026-09-21,2026-10-01,2026-10-05,Net 30,14521.85
10948,SunCoast Retail,USB Docking Stations,Atlantic Warehouse Solutions,Virginia,19,448,134.57,17,4.9,0.78,2026-09-04,2026-09-08,2026-09-08,Net 30,2556.83
10949,Atlantic Distribution,Thermal Printers,BlueLine Distribution,Georgia,485,585,187.4,12,4.5,0.88,2026-09-16,2026-09-30,2026-10-05,Net 45,90889.0
10950,Southeast Wholesale,Pallet Wrap,PrimeSource Materials,North Carolina,134,483,362.34,6,3.3,0.91,2026-09-24,2026-10-07,2026-10-12,Net 30,48553.56
10951,Evergreen Distribution,USB Docking Stations,Atlantic Warehouse Solutions,Georgia,223,161,436.87,6,3.8,0.84,2026-09-08,2026-09-19,2026-09-25,Net 45,97422.01
10952,Palm Business Solutions,Ergonomic Office Chairs,BlueLine Distribution,North Carolina,181,384,473.25,20,3.8,0.98,2026-09-25,2026-09-30,2026-10-03,Net 30,85658.25
10953,Metro Office Supply,Packaging Tape,BlueLine Distribution,North Carolina,14,110,302.43,4,4.1,0.75,2026-09-11,2026-09-20,2026-09-26,Net 45,4234.02
10954,SunCoast Retail,Warehouse Scanners,BlueLine Distribution,Texas,300,301,327.77,3,3.1,0.96,2026-09-16,2026-09-23,2026-09-25,Net 30,98331.0
10955,Evergreen Distribution,Barcode Label Rolls,Atlantic Warehouse Solutions,North Carolina,417,396,227.78,4,4.1,0.76,2026-09-13,2026-09-18,2026-09-18,,94984.26
10956,Palm Business Solutions,Warehouse Scanners,Southeast Supply Co.,Texas,483,148,378.97,14,3.3,0.79,2026-09-08,2026-09-13,2026-09-18,Net 45,183042.51
10957,Atlantic Distribution,USB Docking Stations,Southeast Supply Co.,Florida,478,387,296.28,9,3.4,0.92,2026-09-21,2026-09-25,2026-10-02,Net 45,141621.84
10958,SunCoast Retail,Steel Storage Shelving,Southeast Supply Co.,North Carolina,346,218,48.41,18,4.8,0.85,2026-09-10,2026-09-22,2026-09-28,Net 45,16749.86
10959,Southeast Wholesale,Barcode Label Rolls,PrimeSource Materials,Florida,463,389,76.21,4,3.5,0.84,2026-09-15,2026-09-18,2026-09-21,Net 30,35285.23
10960,Metro Office Supply,Steel Storage Shelving,Southeast Supply Co.,Virginia,116,53,176.71,6,3.8,0.91,2026-09-10,2026-09-14,2026-09-14,Net 45,20498.36
10961,Palm Business Solutions,Industrial Safety Gloves,BlueLine Distribution,Georgia,305,570,490.34,10,3.7,0.8,2026-09-04,2026-09-08,2026-09-07,Net 45,149553.7
10962,Southeast Wholesale,Industrial Safety Gloves,Atlantic Warehouse Solutions,Texas,166,178,157.35,19,4.8,0.77,2026-09-30,2026-10-08,2026-10-12,Net 45,26120.1
10963,Palm Business Solutions,Warehouse Scanners,BlueLine Distribution,Texas,129,535,56.82,3,5.0,0.79,2026-09-11,2026-09-18,2026-09-17,Net 60,7329.78
10964,Evergreen Distribution,Industrial Safety Gloves,BlueLine Distribution,North Carolina,409,470,354.52,6,4.2,0.94,2026-09-05,2026-09-11,2026-09-17,Net 30,144998.68
10965,SunCoast Retail,Office Workstations,PrimeSource Materials,North Carolina,387,168,40.17,4,4.0,0.83,2026-09-25,2026-09-30,2026-09-28,Net 30,15545.79
10966,Evergreen Distribution,Steel Storage Shelving,Southeast Supply Co.,Texas,117,106,195.29,12,3.2,0.82,2026-09-05,2026-09-10,2026-09-13,Net 30,22848.93
10967,Metro Office Supply,Office Workstations,PrimeSource Materials,Texas,78,263,86.1,13,3.1,0.83,2026-09-02,2026-09-12,2026-09-17,Net 30,6715.8
10968,Evergreen Distribution,Pallet Wrap,NorthStar Industrial Supply,North Carolina,199,22,37.71,9,3.1,0.88,2026-09-06,2026-09-20,2026-09-18,Net 60,7504.29
10969,Gulf Coast Logistics,Barcode Label Rolls,Atlantic Warehouse Solutions,North Carolina,153,455,265.71,10,5.0,0.84,2026-09-28,2026-10-02,2026-10-01,Net 45,40653.63
10970,SunCoast Retail,Steel Storage Shelving,NorthStar Industrial Supply,Texas,299,239,253.21,20,3.5,0.88,2026-09-23,2026-10-05,2026-10-06,Net 60,75709.79
10971,Palm Business Solutions,Ergonomic Office Chairs,PrimeSource Materials,Florida,366,402,105.83,16,4.1,0.85,2026-09-22,2026-10-03,2026-10-07,Net 60,38733.78
10972,Evergreen Distribution,Industrial Safety Gloves,Metro Logistics Supply,Texas,264,439,221.61,17,4.7,0.78,2026-09-24,2026-10-07,2026-10-07,Net 30,58505.04
10973,SunCoast Retail,Warehouse Scanners,NorthStar Industrial Supply,Georgia,116,131,307.88,3,3.5,0.91,2026-09-04,2026-09-17,2026-09-18,Net 45,35714.08
10974,Evergreen Distribution,Steel Storage Shelving,Atlantic Warehouse Solutions,Virginia,59,347,62.56,20,4.9,0.91,2026-09-04,2026-09-12,2026-09-17,Net 45,3691.04
10975,SunCoast Retail,Industrial Safety Gloves,Southeast Supply Co.,Texas,84,482,436.52,3,4.2,0.79,2026-09-08,2026-09-17,2026-09-24,Net 30,36667.68
10976,Palm Business Solutions,Warehouse Scanners,NorthStar Industrial Supply,Georgia,125,377,338.15,10,4.6,0.96,2026-09-10,2026-09-15,2026-09-21,Net 30,42268.75
10977,Palm Business Solutions,Thermal Printers,Southeast Supply Co.,Texas,194,363,251.78,13,3.3,0.85,2026-09-19,2026-09-23,2026-09-22,Net 30,48845.32
10978,SunCoast Retail,Office Workstations,Atlantic Warehouse Solutions,Georgia,202,473,286.17,17,4.6,0.97,2026-09-01,2026-09-15,2026-09-21,Net 60,57806.34
10979,Coastal Manufacturing,Pallet Wrap,PrimeSource Materials,Texas,12,578,475.7,9,4.7,0.94,2026-09-10,2026-09-15,2026-09-20,Net 60,5708.4
10980,Gulf Coast Logistics,Industrial Safety Gloves,NorthStar Industrial Supply,Texas,381,391,375.46,20,4.8,0.92,2026-09-27,2026-10-06,2026-10-13,Net 30,143050.26
10981,Coastal Manufacturing,Office Workstations,NorthStar Industrial Supply,Florida,334,342,67.84,13,3.8,0.77,2026-09-18,2026-09-27,2026-10-01,Net 60,22658.56
10982,SunCoast Retail,Laser Printers,Southeast Supply Co.,North Carolina,19,123,90.26,9,4.2,0.94,2026-09-05,2026-09-08,2026-09-11,Net 60,1714.94
10983,Southeast Wholesale,Shipping Cartons,Metro Logistics Supply,North Carolina,96,586,210.71,6,3.3,0.89,2026-09-05,2026-09-12,2026-09-15,Net 30,20228.16
10984,Coastal Manufacturing,Barcode Label Rolls,NorthStar Industrial Supply,Virginia,482,166,123.27,13,3.8,0.95,2026-09-07,2026-09-14,2026-09-17,Net 30,59416.14
10985,Gulf Coast Logistics,Thermal Printers,PrimeSource Materials,Florida,421,255,216.67,11,4.1,0.96,2026-09-20,2026-09-26,2026-09-24,Net 60,91218.07
10986,Atlantic Distribution,Pallet Wrap,Metro Logistics Supply,Georgia,489,530,352.95,13,4.0,0.92,2026-09-06,2026-09-12,2026-09-19,Net 45,172592.55
10987,Atlantic Distribution,Steel Storage Shelving,NorthStar Industrial Supply,Texas,392,108,47.7,7,4.6,0.76,2026-09-18,2026-09-24,2026-09-29,Net 60,18698.4
10988,Evergreen Distribution,Office Workstations,BlueLine Distribution,Georgia,107,248,81.88,13,3.6,0.83,2026-09-08,2026-09-21,2026-09-20,Net 30,8761.16
10989,Coastal Manufacturing,Warehouse Scanners,BlueLine Distribution,North Carolina,351,219,475.13,15,3.8,0.95,2026-09-08,2026-09-21,2026-09-23,Net 30,166770.63
10990,Metro Office Supply,USB Docking Stations,BlueLine Distribution,Texas,140,379,217.66,17,3.5,0.88,2026-09-13,2026-09-27,2026-09-27,Net 60,30472.4
10991,Palm Business Solutions,USB Docking Stations,PrimeSource Materials,Texas,336,453,28.32,4,3.9,0.86,2026-09-11,2026-09-17,2026-09-22,,9515.52
10992,Gulf Coast Logistics,Ergonomic Office Chairs,Metro Logistics Supply,Georgia,437,374,158.6,3,4.9,0.94,2026-09-05,2026-09-13,2026-09-20,Net 30,69308.2
10993,Atlantic Distribution,USB Docking Stations,Southeast Supply Co.,Texas,157,561,90.7,5,3.1,0.93,2026-09-04,2026-09-17,2026-09-22,Net 45,14239.9
10994,Atlantic Distribution,Laser Printers,Atlantic Warehouse Solutions,North Carolina,199,280,100.0,7,4.0,0.83,2026-09-09,2026-09-14,2026-09-21,Net 45,19900.0
10995,Metro Office Supply,Office Workstations,BlueLine Distribution,North Carolina,387,397,26.16,14,3.5,0.84,2026-09-19,2026-09-25,2026-09-30,Net 45,10123.92
10996,Metro Office Supply,Packaging Tape,NorthStar Industrial Supply,Florida,470,313,176.7,15,4.1,0.96,2026-09-28,2026-10-11,2026-10-12,Net 60,83049.0
10997,Atlantic Distribution,USB Docking Stations,NorthStar Industrial Supply,Georgia,383,65,40.03,6,4.4,0.9,2026-09-28,2026-10-10,2026-10-13,Net 45,15331.49
10998,Palm Business Solutions,Barcode Label Rolls,Atlantic Warehouse Solutions,Virginia,254,366,380.58,12,5.0,0.76,2026-09-09,2026-09-13,2026-09-14,Net 60,96667.32
10999,SunCoast Retail,USB Docking Stations,Metro Logistics Supply,Florida,395,231,228.39,17,4.7,0.86,2026-09-29,2026-10-03,2026-10-10,Net 45,90214.05
